ISO-10303-21;
HEADER;
/* Generated by software containing ST-Developer
 * from STEP Tools, Inc. (www.steptools.com) 
 */

FILE_DESCRIPTION(
/* description */ (''),
/* implementation_level */ '2;1');

FILE_NAME(
/* name */ 'Top.step',
/* time_stamp */ '2026-06-10T20:51:02+05:30',
/* author */ (''),
/* organization */ (''),
/* preprocessor_version */ 'ST-DEVELOPER v20.1',
/* originating_system */ 'Autodesk Translation Framework v15.8.0.0',
/* authorisation */ '');

FILE_SCHEMA (('AUTOMOTIVE_DESIGN { 1 0 10303 214 3 1 1 }'));
ENDSEC;

DATA;
#10=MECHANICAL_DESIGN_GEOMETRIC_PRESENTATION_REPRESENTATION('',(#13),#4199);
#11=SHAPE_REPRESENTATION_RELATIONSHIP('SRR','None',#4206,#12);
#12=ADVANCED_BREP_SHAPE_REPRESENTATION('',(#14),#4198);
#13=STYLED_ITEM('',(#4216),#14);
#14=MANIFOLD_SOLID_BREP('Body1',#2443);
#15=FACE_BOUND('',#424,.T.);
#16=FACE_BOUND('',#425,.T.);
#17=FACE_BOUND('',#426,.T.);
#18=FACE_BOUND('',#427,.T.);
#19=FACE_BOUND('',#428,.T.);
#20=FACE_BOUND('',#429,.T.);
#21=FACE_BOUND('',#430,.T.);
#22=FACE_BOUND('',#431,.T.);
#23=FACE_BOUND('',#432,.T.);
#24=FACE_BOUND('',#433,.T.);
#25=FACE_BOUND('',#434,.T.);
#26=FACE_BOUND('',#435,.T.);
#27=FACE_BOUND('',#436,.T.);
#28=FACE_BOUND('',#437,.T.);
#29=FACE_BOUND('',#438,.T.);
#30=FACE_BOUND('',#439,.T.);
#31=FACE_BOUND('',#440,.T.);
#32=FACE_BOUND('',#441,.T.);
#33=FACE_BOUND('',#442,.T.);
#34=FACE_BOUND('',#443,.T.);
#35=FACE_BOUND('',#455,.T.);
#36=FACE_BOUND('',#456,.T.);
#37=FACE_BOUND('',#457,.T.);
#38=FACE_BOUND('',#458,.T.);
#39=FACE_BOUND('',#459,.T.);
#40=FACE_BOUND('',#460,.T.);
#41=FACE_BOUND('',#461,.T.);
#42=FACE_BOUND('',#462,.T.);
#43=FACE_BOUND('',#463,.T.);
#44=FACE_BOUND('',#464,.T.);
#45=FACE_BOUND('',#465,.T.);
#46=FACE_BOUND('',#466,.T.);
#47=FACE_BOUND('',#467,.T.);
#48=FACE_BOUND('',#468,.T.);
#49=FACE_BOUND('',#469,.T.);
#50=FACE_BOUND('',#470,.T.);
#51=FACE_BOUND('',#471,.T.);
#52=FACE_BOUND('',#472,.T.);
#53=FACE_BOUND('',#473,.T.);
#54=FACE_BOUND('',#474,.T.);
#55=ELLIPSE('',#2475,1.705185,1.70493);
#56=ELLIPSE('',#2476,1.705185,1.70493);
#57=ELLIPSE('',#2477,1.705185,1.70493);
#58=ELLIPSE('',#2478,1.705185,1.70493);
#59=ELLIPSE('',#2479,1.705185,1.70493);
#60=ELLIPSE('',#2480,1.705185,1.70493);
#61=ELLIPSE('',#2481,1.705185,1.70493);
#62=ELLIPSE('',#2482,1.705185,1.70493);
#63=ELLIPSE('',#2487,1.00305,1.0029);
#64=ELLIPSE('',#2488,1.00305,1.0029);
#65=ELLIPSE('',#2490,1.00305,1.0029);
#66=ELLIPSE('',#2491,1.00305,1.0029);
#67=ELLIPSE('',#2492,1.00305,1.0029);
#68=ELLIPSE('',#2493,1.00305,1.0029);
#69=ELLIPSE('',#2495,1.00305,1.0029);
#70=ELLIPSE('',#2496,1.00305,1.0029);
#71=ELLIPSE('',#2497,1.00305,1.0029);
#72=ELLIPSE('',#2498,1.00305,1.0029);
#73=ELLIPSE('',#2500,1.00305,1.0029);
#74=ELLIPSE('',#2501,1.00305,1.0029);
#75=ELLIPSE('',#2503,1.00305,1.0029);
#76=ELLIPSE('',#2504,1.00305,1.0029);
#77=ELLIPSE('',#2506,1.00305,1.0029);
#78=ELLIPSE('',#2507,1.00305,1.0029);
#79=ELLIPSE('',#2509,1.00305,1.0029);
#80=ELLIPSE('',#2510,1.00305,1.0029);
#81=ELLIPSE('',#2512,1.00305,1.0029);
#82=ELLIPSE('',#2513,1.00305,1.0029);
#83=ELLIPSE('',#2515,1.00305,1.0029);
#84=ELLIPSE('',#2516,1.00305,1.0029);
#85=ELLIPSE('',#2518,1.00305,1.0029);
#86=ELLIPSE('',#2519,1.00305,1.0029);
#87=ELLIPSE('',#2521,1.00305,1.0029);
#88=ELLIPSE('',#2522,1.00305,1.0029);
#89=ELLIPSE('',#2524,1.00305,1.0029);
#90=ELLIPSE('',#2525,1.00305,1.0029);
#91=ELLIPSE('',#2527,1.00305,1.0029);
#92=ELLIPSE('',#2528,1.00305,1.0029);
#93=ELLIPSE('',#2530,1.00305,1.0029);
#94=ELLIPSE('',#2531,1.00305,1.0029);
#95=ELLIPSE('',#2533,1.00305,1.0029);
#96=ELLIPSE('',#2534,1.00305,1.0029);
#97=ELLIPSE('',#2536,1.00305,1.0029);
#98=ELLIPSE('',#2537,1.00305,1.0029);
#99=ELLIPSE('',#2539,1.00305,1.0029);
#100=ELLIPSE('',#2540,1.00305,1.0029);
#101=ELLIPSE('',#2542,1.00305,1.0029);
#102=ELLIPSE('',#2543,1.00305,1.0029);
#103=ELLIPSE('',#2545,1.00305,1.0029);
#104=ELLIPSE('',#2546,1.00305,1.0029);
#105=ELLIPSE('',#2548,1.00305,1.0029);
#106=ELLIPSE('',#2549,1.00305,1.0029);
#107=ELLIPSE('',#2551,1.00305,1.0029);
#108=ELLIPSE('',#2552,1.00305,1.0029);
#109=ELLIPSE('',#2554,1.00305,1.0029);
#110=ELLIPSE('',#2555,1.00305,1.0029);
#111=ELLIPSE('',#2557,1.00305,1.0029);
#112=ELLIPSE('',#2558,1.00305,1.0029);
#113=ELLIPSE('',#2560,1.00305,1.0029);
#114=ELLIPSE('',#2561,1.00305,1.0029);
#115=ELLIPSE('',#2563,1.00305,1.0029);
#116=ELLIPSE('',#2564,1.00305,1.0029);
#117=ELLIPSE('',#2566,1.00305,1.0029);
#118=ELLIPSE('',#2567,1.00305,1.0029);
#119=ELLIPSE('',#2569,1.00305,1.0029);
#120=ELLIPSE('',#2570,1.00305,1.0029);
#121=ELLIPSE('',#2572,1.00305,1.0029);
#122=ELLIPSE('',#2573,1.00305,1.0029);
#123=ELLIPSE('',#2575,1.00305,1.0029);
#124=ELLIPSE('',#2576,1.00305,1.0029);
#125=ELLIPSE('',#2578,1.00305,1.0029);
#126=ELLIPSE('',#2579,1.00305,1.0029);
#127=ELLIPSE('',#2581,1.00305,1.0029);
#128=ELLIPSE('',#2582,1.00305,1.0029);
#129=ELLIPSE('',#2584,1.00305,1.0029);
#130=ELLIPSE('',#2585,1.00305,1.0029);
#131=ELLIPSE('',#2587,1.00305,1.0029);
#132=ELLIPSE('',#2588,1.00305,1.0029);
#133=ELLIPSE('',#2590,1.00305,1.0029);
#134=ELLIPSE('',#2591,1.00305,1.0029);
#135=ELLIPSE('',#2593,1.00305,1.0029);
#136=ELLIPSE('',#2594,1.00305,1.0029);
#137=ELLIPSE('',#2596,1.00305,1.0029);
#138=ELLIPSE('',#2597,1.00305,1.0029);
#139=ELLIPSE('',#2599,1.00305,1.0029);
#140=ELLIPSE('',#2600,1.00305,1.0029);
#141=ELLIPSE('',#2602,1.00305,1.0029);
#142=ELLIPSE('',#2603,1.00305,1.0029);
#143=ELLIPSE('',#2605,5.01525,5.0145);
#144=ELLIPSE('',#2606,5.01525,5.0145);
#145=ELLIPSE('',#2609,5.01525,5.0145);
#146=ELLIPSE('',#2610,5.01525,5.0145);
#147=ELLIPSE('',#2611,5.01525,5.0145);
#148=ELLIPSE('',#2612,5.01525,5.0145);
#149=ELLIPSE('',#2614,5.01525,5.0145);
#150=ELLIPSE('',#2616,5.01525,5.0145);
#151=(
BOUNDED_SURFACE()
B_SPLINE_SURFACE(1,2,((#3324,#3325,#3326,#3327,#3328,#3329,#3330,#3331,
#3332),(#3333,#3334,#3335,#3336,#3337,#3338,#3339,#3340,#3341)),
 .UNSPECIFIED.,.F.,.T.,.F.)
B_SPLINE_SURFACE_WITH_KNOTS((2,2),(3,2,2,2,3),(-1.05560393740269,0.),(-3.14159265358979,
-1.5707963267949,0.,1.5707963267949,3.14159265358979),.UNSPECIFIED.)
GEOMETRIC_REPRESENTATION_ITEM()
RATIONAL_B_SPLINE_SURFACE(((1.,0.707106781186548,1.,0.707106781186548,1.,
0.707106781186548,1.,0.707106781186548,1.),(1.,0.707106781186548,1.,0.707106781186548,
1.,0.707106781186548,1.,0.707106781186548,1.)))
REPRESENTATION_ITEM('')
SURFACE()
);
#152=(
BOUNDED_SURFACE()
B_SPLINE_SURFACE(1,2,((#3347,#3348,#3349,#3350,#3351,#3352,#3353,#3354,
#3355),(#3356,#3357,#3358,#3359,#3360,#3361,#3362,#3363,#3364)),
 .UNSPECIFIED.,.F.,.T.,.F.)
B_SPLINE_SURFACE_WITH_KNOTS((2,2),(3,2,2,2,3),(-1.05560393740269,0.),(-3.14159265358979,
-1.5707963267949,0.,1.5707963267949,3.14159265358979),.UNSPECIFIED.)
GEOMETRIC_REPRESENTATION_ITEM()
RATIONAL_B_SPLINE_SURFACE(((1.,0.707106781186548,1.,0.707106781186548,1.,
0.707106781186548,1.,0.707106781186548,1.),(1.,0.707106781186548,1.,0.707106781186548,
1.,0.707106781186548,1.,0.707106781186548,1.)))
REPRESENTATION_ITEM('')
SURFACE()
);
#153=(
BOUNDED_SURFACE()
B_SPLINE_SURFACE(1,2,((#3370,#3371,#3372,#3373,#3374,#3375,#3376,#3377,
#3378),(#3379,#3380,#3381,#3382,#3383,#3384,#3385,#3386,#3387)),
 .UNSPECIFIED.,.F.,.T.,.F.)
B_SPLINE_SURFACE_WITH_KNOTS((2,2),(3,2,2,2,3),(-1.05560393740269,0.),(-3.14159265358979,
-1.5707963267949,0.,1.5707963267949,3.14159265358979),.UNSPECIFIED.)
GEOMETRIC_REPRESENTATION_ITEM()
RATIONAL_B_SPLINE_SURFACE(((1.,0.707106781186548,1.,0.707106781186548,1.,
0.707106781186548,1.,0.707106781186548,1.),(1.,0.707106781186548,1.,0.707106781186548,
1.,0.707106781186548,1.,0.707106781186548,1.)))
REPRESENTATION_ITEM('')
SURFACE()
);
#154=(
BOUNDED_SURFACE()
B_SPLINE_SURFACE(1,2,((#3393,#3394,#3395,#3396,#3397,#3398,#3399,#3400,
#3401),(#3402,#3403,#3404,#3405,#3406,#3407,#3408,#3409,#3410)),
 .UNSPECIFIED.,.F.,.T.,.F.)
B_SPLINE_SURFACE_WITH_KNOTS((2,2),(3,2,2,2,3),(-1.05560393740269,0.),(-3.14159265358979,
-1.5707963267949,0.,1.5707963267949,3.14159265358979),.UNSPECIFIED.)
GEOMETRIC_REPRESENTATION_ITEM()
RATIONAL_B_SPLINE_SURFACE(((1.,0.707106781186548,1.,0.707106781186548,1.,
0.707106781186548,1.,0.707106781186548,1.),(1.,0.707106781186548,1.,0.707106781186548,
1.,0.707106781186548,1.,0.707106781186548,1.)))
REPRESENTATION_ITEM('')
SURFACE()
);
#155=(
BOUNDED_SURFACE()
B_SPLINE_SURFACE(1,2,((#3440,#3441,#3442),(#3443,#3444,#3445)),
 .UNSPECIFIED.,.F.,.F.,.F.)
B_SPLINE_SURFACE_WITH_KNOTS((2,2),(3,3),(-1.79452669358457,-2.22044604925031E-16),
(-1.57079632679489,4.77399221626881E-15),.UNSPECIFIED.)
GEOMETRIC_REPRESENTATION_ITEM()
RATIONAL_B_SPLINE_SURFACE(((1.,0.707106781186547,1.),(1.,0.707106781186547,
1.)))
REPRESENTATION_ITEM('')
SURFACE()
);
#156=(
BOUNDED_SURFACE()
B_SPLINE_SURFACE(1,2,((#3457,#3458,#3459),(#3460,#3461,#3462)),
 .UNSPECIFIED.,.F.,.F.,.F.)
B_SPLINE_SURFACE_WITH_KNOTS((2,2),(3,3),(-1.79452669358457,0.),(-3.14159265358949,
-1.5707963267946),.UNSPECIFIED.)
GEOMETRIC_REPRESENTATION_ITEM()
RATIONAL_B_SPLINE_SURFACE(((1.,0.707106781186548,1.),(1.,0.707106781186548,
1.)))
REPRESENTATION_ITEM('')
SURFACE()
);
#157=(
BOUNDED_SURFACE()
B_SPLINE_SURFACE(1,2,((#3465,#3466,#3467),(#3468,#3469,#3470)),
 .UNSPECIFIED.,.F.,.F.,.F.)
B_SPLINE_SURFACE_WITH_KNOTS((2,2),(3,3),(-1.79452669358457,-2.22044604925031E-16),
(-1.57079632679491,-1.06549971203681E-14),.UNSPECIFIED.)
GEOMETRIC_REPRESENTATION_ITEM()
RATIONAL_B_SPLINE_SURFACE(((1.,0.707106781186548,1.),(1.,0.707106781186548,
1.)))
REPRESENTATION_ITEM('')
SURFACE()
);
#158=(
BOUNDED_SURFACE()
B_SPLINE_SURFACE(1,2,((#3482,#3483,#3484),(#3485,#3486,#3487)),
 .UNSPECIFIED.,.F.,.F.,.F.)
B_SPLINE_SURFACE_WITH_KNOTS((2,2),(3,3),(-1.79452669358457,-2.22044604925031E-16),
(-3.14159265358979,-1.57079632679489),.UNSPECIFIED.)
GEOMETRIC_REPRESENTATION_ITEM()
RATIONAL_B_SPLINE_SURFACE(((1.,0.707106781186548,1.),(1.,0.707106781186548,
1.)))
REPRESENTATION_ITEM('')
SURFACE()
);
#159=(
BOUNDED_SURFACE()
B_SPLINE_SURFACE(1,2,((#3490,#3491,#3492),(#3493,#3494,#3495)),
 .UNSPECIFIED.,.F.,.F.,.F.)
B_SPLINE_SURFACE_WITH_KNOTS((2,2),(3,3),(-1.79452669358457,-2.22044604925031E-16),
(-3.1415926535898,-1.5707963267949),.UNSPECIFIED.)
GEOMETRIC_REPRESENTATION_ITEM()
RATIONAL_B_SPLINE_SURFACE(((1.,0.707106781186548,1.),(1.,0.707106781186548,
1.)))
REPRESENTATION_ITEM('')
SURFACE()
);
#160=(
BOUNDED_SURFACE()
B_SPLINE_SURFACE(1,2,((#3510,#3511,#3512),(#3513,#3514,#3515)),
 .UNSPECIFIED.,.F.,.F.,.F.)
B_SPLINE_SURFACE_WITH_KNOTS((2,2),(3,3),(-1.79452669358457,-2.22044604925031E-16),
(-3.1415926535898,-1.5707963267949),.UNSPECIFIED.)
GEOMETRIC_REPRESENTATION_ITEM()
RATIONAL_B_SPLINE_SURFACE(((1.,0.707106781186548,1.),(1.,0.707106781186548,
1.)))
REPRESENTATION_ITEM('')
SURFACE()
);
#161=(
BOUNDED_SURFACE()
B_SPLINE_SURFACE(1,2,((#3530,#3531,#3532),(#3533,#3534,#3535)),
 .UNSPECIFIED.,.F.,.F.,.F.)
B_SPLINE_SURFACE_WITH_KNOTS((2,2),(3,3),(-1.79452669358457,-2.22044604925031E-16),
(-3.1415926535898,-1.5707963267949),.UNSPECIFIED.)
GEOMETRIC_REPRESENTATION_ITEM()
RATIONAL_B_SPLINE_SURFACE(((1.,0.707106781186546,1.),(1.,0.707106781186546,
1.)))
REPRESENTATION_ITEM('')
SURFACE()
);
#162=(
BOUNDED_SURFACE()
B_SPLINE_SURFACE(1,2,((#3550,#3551,#3552),(#3553,#3554,#3555)),
 .UNSPECIFIED.,.F.,.F.,.F.)
B_SPLINE_SURFACE_WITH_KNOTS((2,2),(3,3),(-1.79452669358457,0.),(-3.14159265358979,
-1.5707963267949),.UNSPECIFIED.)
GEOMETRIC_REPRESENTATION_ITEM()
RATIONAL_B_SPLINE_SURFACE(((1.,0.707106781186548,1.),(1.,0.707106781186548,
1.)))
REPRESENTATION_ITEM('')
SURFACE()
);
#163=(
BOUNDED_SURFACE()
B_SPLINE_SURFACE(1,2,((#3570,#3571,#3572),(#3573,#3574,#3575)),
 .UNSPECIFIED.,.F.,.F.,.F.)
B_SPLINE_SURFACE_WITH_KNOTS((2,2),(3,3),(-1.79452669358457,-2.22044604925031E-16),
(-3.1415926535898,-1.5707963267949),.UNSPECIFIED.)
GEOMETRIC_REPRESENTATION_ITEM()
RATIONAL_B_SPLINE_SURFACE(((1.,0.707106781186546,1.),(1.,0.707106781186546,
1.)))
REPRESENTATION_ITEM('')
SURFACE()
);
#164=(
BOUNDED_SURFACE()
B_SPLINE_SURFACE(1,2,((#3590,#3591,#3592),(#3593,#3594,#3595)),
 .UNSPECIFIED.,.F.,.F.,.F.)
B_SPLINE_SURFACE_WITH_KNOTS((2,2),(3,3),(-1.79452669358457,0.),(-3.14159265358979,
-1.5707963267949),.UNSPECIFIED.)
GEOMETRIC_REPRESENTATION_ITEM()
RATIONAL_B_SPLINE_SURFACE(((1.,0.707106781186548,1.),(1.,0.707106781186548,
1.)))
REPRESENTATION_ITEM('')
SURFACE()
);
#165=(
BOUNDED_SURFACE()
B_SPLINE_SURFACE(1,2,((#3610,#3611,#3612),(#3613,#3614,#3615)),
 .UNSPECIFIED.,.F.,.F.,.F.)
B_SPLINE_SURFACE_WITH_KNOTS((2,2),(3,3),(-1.79452669358457,0.),(-3.14159265358979,
-1.5707963267949),.UNSPECIFIED.)
GEOMETRIC_REPRESENTATION_ITEM()
RATIONAL_B_SPLINE_SURFACE(((1.,0.707106781186548,1.),(1.,0.707106781186548,
1.)))
REPRESENTATION_ITEM('')
SURFACE()
);
#166=(
BOUNDED_SURFACE()
B_SPLINE_SURFACE(1,2,((#3630,#3631,#3632),(#3633,#3634,#3635)),
 .UNSPECIFIED.,.F.,.F.,.F.)
B_SPLINE_SURFACE_WITH_KNOTS((2,2),(3,3),(-1.79452669358457,-2.22044604925031E-16),
(-3.1415926535898,-1.5707963267949),.UNSPECIFIED.)
GEOMETRIC_REPRESENTATION_ITEM()
RATIONAL_B_SPLINE_SURFACE(((1.,0.707106781186547,1.),(1.,0.707106781186547,
1.)))
REPRESENTATION_ITEM('')
SURFACE()
);
#167=(
BOUNDED_SURFACE()
B_SPLINE_SURFACE(1,2,((#3650,#3651,#3652),(#3653,#3654,#3655)),
 .UNSPECIFIED.,.F.,.F.,.F.)
B_SPLINE_SURFACE_WITH_KNOTS((2,2),(3,3),(-1.79452669358457,-2.22044604925031E-16),
(-3.1415926535898,-1.5707963267949),.UNSPECIFIED.)
GEOMETRIC_REPRESENTATION_ITEM()
RATIONAL_B_SPLINE_SURFACE(((1.,0.707106781186548,1.),(1.,0.707106781186548,
1.)))
REPRESENTATION_ITEM('')
SURFACE()
);
#168=(
BOUNDED_SURFACE()
B_SPLINE_SURFACE(1,2,((#3670,#3671,#3672),(#3673,#3674,#3675)),
 .UNSPECIFIED.,.F.,.F.,.F.)
B_SPLINE_SURFACE_WITH_KNOTS((2,2),(3,3),(-1.79452669358457,0.),(-1.5707963267949,
-6.9188292989403E-17),.UNSPECIFIED.)
GEOMETRIC_REPRESENTATION_ITEM()
RATIONAL_B_SPLINE_SURFACE(((1.,0.707106781186547,1.),(1.,0.707106781186547,
1.)))
REPRESENTATION_ITEM('')
SURFACE()
);
#169=(
BOUNDED_SURFACE()
B_SPLINE_SURFACE(1,2,((#3687,#3688,#3689),(#3690,#3691,#3692)),
 .UNSPECIFIED.,.F.,.F.,.F.)
B_SPLINE_SURFACE_WITH_KNOTS((2,2),(3,3),(-1.79452669358457,0.),(-1.5707963267949,
-6.9188292989403E-17),.UNSPECIFIED.)
GEOMETRIC_REPRESENTATION_ITEM()
RATIONAL_B_SPLINE_SURFACE(((1.,0.707106781186547,1.),(1.,0.707106781186547,
1.)))
REPRESENTATION_ITEM('')
SURFACE()
);
#170=(
BOUNDED_SURFACE()
B_SPLINE_SURFACE(1,2,((#3704,#3705,#3706),(#3707,#3708,#3709)),
 .UNSPECIFIED.,.F.,.F.,.F.)
B_SPLINE_SURFACE_WITH_KNOTS((2,2),(3,3),(-1.79452669358457,-2.22044604925031E-16),
(-1.5707963267949,-4.91236880224761E-15),.UNSPECIFIED.)
GEOMETRIC_REPRESENTATION_ITEM()
RATIONAL_B_SPLINE_SURFACE(((1.,0.707106781186548,1.),(1.,0.707106781186548,
1.)))
REPRESENTATION_ITEM('')
SURFACE()
);
#171=(
BOUNDED_SURFACE()
B_SPLINE_SURFACE(1,2,((#3721,#3722,#3723),(#3724,#3725,#3726)),
 .UNSPECIFIED.,.F.,.F.,.F.)
B_SPLINE_SURFACE_WITH_KNOTS((2,2),(3,3),(-1.79452669358457,-2.22044604925031E-16),
(-1.5707963267949,5.44009282066327E-15),.UNSPECIFIED.)
GEOMETRIC_REPRESENTATION_ITEM()
RATIONAL_B_SPLINE_SURFACE(((1.,0.707106781186544,1.),(1.,0.707106781186544,
1.)))
REPRESENTATION_ITEM('')
SURFACE()
);
#172=(
BOUNDED_SURFACE()
B_SPLINE_SURFACE(1,2,((#3738,#3739,#3740),(#3741,#3742,#3743)),
 .UNSPECIFIED.,.F.,.F.,.F.)
B_SPLINE_SURFACE_WITH_KNOTS((2,2),(3,3),(-1.79452669358457,-2.22044604925031E-16),
(-1.5707963267949,5.44009282066327E-15),.UNSPECIFIED.)
GEOMETRIC_REPRESENTATION_ITEM()
RATIONAL_B_SPLINE_SURFACE(((1.,0.707106781186544,1.),(1.,0.707106781186544,
1.)))
REPRESENTATION_ITEM('')
SURFACE()
);
#173=(
BOUNDED_SURFACE()
B_SPLINE_SURFACE(1,2,((#3755,#3756,#3757),(#3758,#3759,#3760)),
 .UNSPECIFIED.,.F.,.F.,.F.)
B_SPLINE_SURFACE_WITH_KNOTS((2,2),(3,3),(-1.79452669358457,0.),(-1.5707963267949,
-6.9188292989403E-17),.UNSPECIFIED.)
GEOMETRIC_REPRESENTATION_ITEM()
RATIONAL_B_SPLINE_SURFACE(((1.,0.707106781186547,1.),(1.,0.707106781186547,
1.)))
REPRESENTATION_ITEM('')
SURFACE()
);
#174=(
BOUNDED_SURFACE()
B_SPLINE_SURFACE(1,2,((#3772,#3773,#3774),(#3775,#3776,#3777)),
 .UNSPECIFIED.,.F.,.F.,.F.)
B_SPLINE_SURFACE_WITH_KNOTS((2,2),(3,3),(-1.79452669358457,0.),(-1.5707963267949,
-6.9188292989403E-17),.UNSPECIFIED.)
GEOMETRIC_REPRESENTATION_ITEM()
RATIONAL_B_SPLINE_SURFACE(((1.,0.707106781186547,1.),(1.,0.707106781186547,
1.)))
REPRESENTATION_ITEM('')
SURFACE()
);
#175=(
BOUNDED_SURFACE()
B_SPLINE_SURFACE(1,2,((#3789,#3790,#3791),(#3792,#3793,#3794)),
 .UNSPECIFIED.,.F.,.F.,.F.)
B_SPLINE_SURFACE_WITH_KNOTS((2,2),(3,3),(-1.79452669358457,-2.22044604925031E-16),
(-1.5707963267949,-4.91236880224761E-15),.UNSPECIFIED.)
GEOMETRIC_REPRESENTATION_ITEM()
RATIONAL_B_SPLINE_SURFACE(((1.,0.707106781186548,1.),(1.,0.707106781186548,
1.)))
REPRESENTATION_ITEM('')
SURFACE()
);
#176=(
BOUNDED_SURFACE()
B_SPLINE_SURFACE(1,2,((#3806,#3807,#3808),(#3809,#3810,#3811)),
 .UNSPECIFIED.,.F.,.F.,.F.)
B_SPLINE_SURFACE_WITH_KNOTS((2,2),(3,3),(-1.79452669358457,0.),(-1.5707963267949,
-6.9188292989403E-17),.UNSPECIFIED.)
GEOMETRIC_REPRESENTATION_ITEM()
RATIONAL_B_SPLINE_SURFACE(((1.,0.707106781186547,1.),(1.,0.707106781186547,
1.)))
REPRESENTATION_ITEM('')
SURFACE()
);
#177=(
BOUNDED_SURFACE()
B_SPLINE_SURFACE(1,2,((#3823,#3824,#3825),(#3826,#3827,#3828)),
 .UNSPECIFIED.,.F.,.F.,.F.)
B_SPLINE_SURFACE_WITH_KNOTS((2,2),(3,3),(-1.79452669358457,-2.22044604925031E-16),
(-3.1415926535898,-1.5707963267949),.UNSPECIFIED.)
GEOMETRIC_REPRESENTATION_ITEM()
RATIONAL_B_SPLINE_SURFACE(((1.,0.707106781186546,1.),(1.,0.707106781186546,
1.)))
REPRESENTATION_ITEM('')
SURFACE()
);
#178=(
BOUNDED_SURFACE()
B_SPLINE_SURFACE(1,2,((#3840,#3841,#3842),(#3843,#3844,#3845)),
 .UNSPECIFIED.,.F.,.F.,.F.)
B_SPLINE_SURFACE_WITH_KNOTS((2,2),(3,3),(-1.79452669358457,-2.22044604925031E-16),
(-3.1415926535898,-1.5707963267949),.UNSPECIFIED.)
GEOMETRIC_REPRESENTATION_ITEM()
RATIONAL_B_SPLINE_SURFACE(((1.,0.707106781186546,1.),(1.,0.707106781186546,
1.)))
REPRESENTATION_ITEM('')
SURFACE()
);
#179=(
BOUNDED_SURFACE()
B_SPLINE_SURFACE(1,2,((#3857,#3858,#3859),(#3860,#3861,#3862)),
 .UNSPECIFIED.,.F.,.F.,.F.)
B_SPLINE_SURFACE_WITH_KNOTS((2,2),(3,3),(-1.79452669358457,-2.22044604925031E-16),
(-3.14159265358979,-1.57079632679489),.UNSPECIFIED.)
GEOMETRIC_REPRESENTATION_ITEM()
RATIONAL_B_SPLINE_SURFACE(((1.,0.707106781186548,1.),(1.,0.707106781186548,
1.)))
REPRESENTATION_ITEM('')
SURFACE()
);
#180=(
BOUNDED_SURFACE()
B_SPLINE_SURFACE(1,2,((#3874,#3875,#3876),(#3877,#3878,#3879)),
 .UNSPECIFIED.,.F.,.F.,.F.)
B_SPLINE_SURFACE_WITH_KNOTS((2,2),(3,3),(-1.79452669358457,-2.22044604925031E-16),
(-3.14159265358979,-1.57079632679489),.UNSPECIFIED.)
GEOMETRIC_REPRESENTATION_ITEM()
RATIONAL_B_SPLINE_SURFACE(((1.,0.707106781186547,1.),(1.,0.707106781186547,
1.)))
REPRESENTATION_ITEM('')
SURFACE()
);
#181=(
BOUNDED_SURFACE()
B_SPLINE_SURFACE(1,2,((#3891,#3892,#3893),(#3894,#3895,#3896)),
 .UNSPECIFIED.,.F.,.F.,.F.)
B_SPLINE_SURFACE_WITH_KNOTS((2,2),(3,3),(-1.79452669358457,0.),(-3.14159265358979,
-1.5707963267949),.UNSPECIFIED.)
GEOMETRIC_REPRESENTATION_ITEM()
RATIONAL_B_SPLINE_SURFACE(((1.,0.707106781186548,1.),(1.,0.707106781186548,
1.)))
REPRESENTATION_ITEM('')
SURFACE()
);
#182=(
BOUNDED_SURFACE()
B_SPLINE_SURFACE(1,2,((#3908,#3909,#3910),(#3911,#3912,#3913)),
 .UNSPECIFIED.,.F.,.F.,.F.)
B_SPLINE_SURFACE_WITH_KNOTS((2,2),(3,3),(-1.79452669358457,0.),(-3.14159265358979,
-1.5707963267949),.UNSPECIFIED.)
GEOMETRIC_REPRESENTATION_ITEM()
RATIONAL_B_SPLINE_SURFACE(((1.,0.707106781186548,1.),(1.,0.707106781186548,
1.)))
REPRESENTATION_ITEM('')
SURFACE()
);
#183=(
BOUNDED_SURFACE()
B_SPLINE_SURFACE(1,2,((#3925,#3926,#3927),(#3928,#3929,#3930)),
 .UNSPECIFIED.,.F.,.F.,.F.)
B_SPLINE_SURFACE_WITH_KNOTS((2,2),(3,3),(-1.79452669358457,0.),(-3.14159265358979,
-1.5707963267949),.UNSPECIFIED.)
GEOMETRIC_REPRESENTATION_ITEM()
RATIONAL_B_SPLINE_SURFACE(((1.,0.707106781186548,1.),(1.,0.707106781186548,
1.)))
REPRESENTATION_ITEM('')
SURFACE()
);
#184=(
BOUNDED_SURFACE()
B_SPLINE_SURFACE(1,2,((#3942,#3943,#3944),(#3945,#3946,#3947)),
 .UNSPECIFIED.,.F.,.F.,.F.)
B_SPLINE_SURFACE_WITH_KNOTS((2,2),(3,3),(-1.79452669358457,0.),(-3.14159265358979,
-1.5707963267949),.UNSPECIFIED.)
GEOMETRIC_REPRESENTATION_ITEM()
RATIONAL_B_SPLINE_SURFACE(((1.,0.707106781186548,1.),(1.,0.707106781186548,
1.)))
REPRESENTATION_ITEM('')
SURFACE()
);
#185=(
BOUNDED_SURFACE()
B_SPLINE_SURFACE(1,2,((#3959,#3960,#3961),(#3962,#3963,#3964)),
 .UNSPECIFIED.,.F.,.F.,.F.)
B_SPLINE_SURFACE_WITH_KNOTS((2,2),(3,3),(-1.79452669358457,-2.22044604925031E-16),
(-3.14159265358979,-1.57079632679489),.UNSPECIFIED.)
GEOMETRIC_REPRESENTATION_ITEM()
RATIONAL_B_SPLINE_SURFACE(((1.,0.707106781186547,1.),(1.,0.707106781186547,
1.)))
REPRESENTATION_ITEM('')
SURFACE()
);
#186=(
BOUNDED_SURFACE()
B_SPLINE_SURFACE(1,2,((#3976,#3977,#3978),(#3979,#3980,#3981)),
 .UNSPECIFIED.,.F.,.F.,.F.)
B_SPLINE_SURFACE_WITH_KNOTS((2,2),(3,3),(-1.79452669358457,0.),(-1.5707963267949,
-6.9188292989403E-17),.UNSPECIFIED.)
GEOMETRIC_REPRESENTATION_ITEM()
RATIONAL_B_SPLINE_SURFACE(((1.,0.707106781186547,1.),(1.,0.707106781186547,
1.)))
REPRESENTATION_ITEM('')
SURFACE()
);
#187=(
BOUNDED_SURFACE()
B_SPLINE_SURFACE(1,2,((#3990,#3991,#3992),(#3993,#3994,#3995)),
 .UNSPECIFIED.,.F.,.F.,.F.)
B_SPLINE_SURFACE_WITH_KNOTS((2,2),(3,3),(-1.79452669358457,0.),(-1.5707963267949,
-6.9188292989403E-17),.UNSPECIFIED.)
GEOMETRIC_REPRESENTATION_ITEM()
RATIONAL_B_SPLINE_SURFACE(((1.,0.707106781186547,1.),(1.,0.707106781186547,
1.)))
REPRESENTATION_ITEM('')
SURFACE()
);
#188=(
BOUNDED_SURFACE()
B_SPLINE_SURFACE(1,2,((#4004,#4005,#4006),(#4007,#4008,#4009)),
 .UNSPECIFIED.,.F.,.F.,.F.)
B_SPLINE_SURFACE_WITH_KNOTS((2,2),(3,3),(-1.79452669358457,-2.22044604925031E-16),
(-1.57079632679491,-9.27123126058E-15),.UNSPECIFIED.)
GEOMETRIC_REPRESENTATION_ITEM()
RATIONAL_B_SPLINE_SURFACE(((1.,0.707106781186548,1.),(1.,0.707106781186548,
1.)))
REPRESENTATION_ITEM('')
SURFACE()
);
#189=(
BOUNDED_SURFACE()
B_SPLINE_SURFACE(1,2,((#4018,#4019,#4020),(#4021,#4022,#4023)),
 .UNSPECIFIED.,.F.,.F.,.F.)
B_SPLINE_SURFACE_WITH_KNOTS((2,2),(3,3),(-1.79452669358457,0.),(-1.5707963267949,
-6.9188292989403E-17),.UNSPECIFIED.)
GEOMETRIC_REPRESENTATION_ITEM()
RATIONAL_B_SPLINE_SURFACE(((1.,0.707106781186547,1.),(1.,0.707106781186547,
1.)))
REPRESENTATION_ITEM('')
SURFACE()
);
#190=(
BOUNDED_SURFACE()
B_SPLINE_SURFACE(1,2,((#4032,#4033,#4034),(#4035,#4036,#4037)),
 .UNSPECIFIED.,.F.,.F.,.F.)
B_SPLINE_SURFACE_WITH_KNOTS((2,2),(3,3),(-1.79452669358457,0.),(-1.5707963267949,
-6.9188292989403E-17),.UNSPECIFIED.)
GEOMETRIC_REPRESENTATION_ITEM()
RATIONAL_B_SPLINE_SURFACE(((1.,0.707106781186547,1.),(1.,0.707106781186547,
1.)))
REPRESENTATION_ITEM('')
SURFACE()
);
#191=(
BOUNDED_SURFACE()
B_SPLINE_SURFACE(1,2,((#4046,#4047,#4048),(#4049,#4050,#4051)),
 .UNSPECIFIED.,.F.,.F.,.F.)
B_SPLINE_SURFACE_WITH_KNOTS((2,2),(3,3),(-1.79452669358457,-2.22044604925031E-16),
(-1.57079632679491,-9.27123126058E-15),.UNSPECIFIED.)
GEOMETRIC_REPRESENTATION_ITEM()
RATIONAL_B_SPLINE_SURFACE(((1.,0.707106781186548,1.),(1.,0.707106781186548,
1.)))
REPRESENTATION_ITEM('')
SURFACE()
);
#192=(
BOUNDED_SURFACE()
B_SPLINE_SURFACE(1,2,((#4060,#4061,#4062),(#4063,#4064,#4065)),
 .UNSPECIFIED.,.F.,.F.,.F.)
B_SPLINE_SURFACE_WITH_KNOTS((2,2),(3,3),(-1.79452669358457,-2.22044604925031E-16),
(-1.57079632679491,-9.27123126058E-15),.UNSPECIFIED.)
GEOMETRIC_REPRESENTATION_ITEM()
RATIONAL_B_SPLINE_SURFACE(((1.,0.707106781186548,1.),(1.,0.707106781186548,
1.)))
REPRESENTATION_ITEM('')
SURFACE()
);
#193=(
BOUNDED_SURFACE()
B_SPLINE_SURFACE(1,2,((#4074,#4075,#4076),(#4077,#4078,#4079)),
 .UNSPECIFIED.,.F.,.F.,.F.)
B_SPLINE_SURFACE_WITH_KNOTS((2,2),(3,3),(-1.79452669358457,0.),(-1.5707963267949,
-6.9188292989403E-17),.UNSPECIFIED.)
GEOMETRIC_REPRESENTATION_ITEM()
RATIONAL_B_SPLINE_SURFACE(((1.,0.707106781186547,1.),(1.,0.707106781186547,
1.)))
REPRESENTATION_ITEM('')
SURFACE()
);
#194=(
BOUNDED_SURFACE()
B_SPLINE_SURFACE(1,2,((#4088,#4089,#4090),(#4091,#4092,#4093)),
 .UNSPECIFIED.,.F.,.F.,.F.)
B_SPLINE_SURFACE_WITH_KNOTS((2,2),(3,3),(-1.79452669358457,0.),(-1.5707963267949,
-6.9188292989403E-17),.UNSPECIFIED.)
GEOMETRIC_REPRESENTATION_ITEM()
RATIONAL_B_SPLINE_SURFACE(((1.,0.707106781186547,1.),(1.,0.707106781186547,
1.)))
REPRESENTATION_ITEM('')
SURFACE()
);
#195=(
BOUNDED_SURFACE()
B_SPLINE_SURFACE(1,2,((#4102,#4103,#4104),(#4105,#4106,#4107)),
 .UNSPECIFIED.,.F.,.F.,.F.)
B_SPLINE_SURFACE_WITH_KNOTS((2,2),(3,3),(0.,0.358905338716913),(-1.5707963267949,
-1.10701268783045E-16),.UNSPECIFIED.)
GEOMETRIC_REPRESENTATION_ITEM()
RATIONAL_B_SPLINE_SURFACE(((1.,0.707106781186547,1.),(1.,0.707106781186547,
1.)))
REPRESENTATION_ITEM('')
SURFACE()
);
#196=(
BOUNDED_SURFACE()
B_SPLINE_SURFACE(1,2,((#4142,#4143,#4144),(#4145,#4146,#4147)),
 .UNSPECIFIED.,.F.,.F.,.F.)
B_SPLINE_SURFACE_WITH_KNOTS((2,2),(3,3),(0.,0.358905338716913),(-3.14159265358979,
-1.5707963267949),.UNSPECIFIED.)
GEOMETRIC_REPRESENTATION_ITEM()
RATIONAL_B_SPLINE_SURFACE(((1.,0.707106781186548,1.),(1.,0.707106781186548,
1.)))
REPRESENTATION_ITEM('')
SURFACE()
);
#197=(
BOUNDED_SURFACE()
B_SPLINE_SURFACE(1,2,((#4155,#4156,#4157),(#4158,#4159,#4160)),
 .UNSPECIFIED.,.F.,.F.,.F.)
B_SPLINE_SURFACE_WITH_KNOTS((2,2),(3,3),(0.,0.358905338716913),(-1.5707963267949,
-1.10701268783045E-16),.UNSPECIFIED.)
GEOMETRIC_REPRESENTATION_ITEM()
RATIONAL_B_SPLINE_SURFACE(((1.,0.707106781186547,1.),(1.,0.707106781186547,
1.)))
REPRESENTATION_ITEM('')
SURFACE()
);
#198=(
BOUNDED_SURFACE()
B_SPLINE_SURFACE(1,2,((#4168,#4169,#4170),(#4171,#4172,#4173)),
 .UNSPECIFIED.,.F.,.F.,.F.)
B_SPLINE_SURFACE_WITH_KNOTS((2,2),(3,3),(0.,0.358905338716913),(-3.14159265358979,
-1.5707963267949),.UNSPECIFIED.)
GEOMETRIC_REPRESENTATION_ITEM()
RATIONAL_B_SPLINE_SURFACE(((1.,0.707106781186548,1.),(1.,0.707106781186548,
1.)))
REPRESENTATION_ITEM('')
SURFACE()
);
#199=FACE_OUTER_BOUND('',#317,.T.);
#200=FACE_OUTER_BOUND('',#318,.T.);
#201=FACE_OUTER_BOUND('',#319,.T.);
#202=FACE_OUTER_BOUND('',#320,.T.);
#203=FACE_OUTER_BOUND('',#321,.T.);
#204=FACE_OUTER_BOUND('',#322,.T.);
#205=FACE_OUTER_BOUND('',#323,.T.);
#206=FACE_OUTER_BOUND('',#324,.T.);
#207=FACE_OUTER_BOUND('',#325,.T.);
#208=FACE_OUTER_BOUND('',#326,.T.);
#209=FACE_OUTER_BOUND('',#327,.T.);
#210=FACE_OUTER_BOUND('',#328,.T.);
#211=FACE_OUTER_BOUND('',#329,.T.);
#212=FACE_OUTER_BOUND('',#330,.T.);
#213=FACE_OUTER_BOUND('',#331,.T.);
#214=FACE_OUTER_BOUND('',#332,.T.);
#215=FACE_OUTER_BOUND('',#333,.T.);
#216=FACE_OUTER_BOUND('',#334,.T.);
#217=FACE_OUTER_BOUND('',#335,.T.);
#218=FACE_OUTER_BOUND('',#336,.T.);
#219=FACE_OUTER_BOUND('',#337,.T.);
#220=FACE_OUTER_BOUND('',#338,.T.);
#221=FACE_OUTER_BOUND('',#339,.T.);
#222=FACE_OUTER_BOUND('',#340,.T.);
#223=FACE_OUTER_BOUND('',#341,.T.);
#224=FACE_OUTER_BOUND('',#342,.T.);
#225=FACE_OUTER_BOUND('',#343,.T.);
#226=FACE_OUTER_BOUND('',#344,.T.);
#227=FACE_OUTER_BOUND('',#345,.T.);
#228=FACE_OUTER_BOUND('',#346,.T.);
#229=FACE_OUTER_BOUND('',#347,.T.);
#230=FACE_OUTER_BOUND('',#348,.T.);
#231=FACE_OUTER_BOUND('',#349,.T.);
#232=FACE_OUTER_BOUND('',#350,.T.);
#233=FACE_OUTER_BOUND('',#351,.T.);
#234=FACE_OUTER_BOUND('',#352,.T.);
#235=FACE_OUTER_BOUND('',#353,.T.);
#236=FACE_OUTER_BOUND('',#354,.T.);
#237=FACE_OUTER_BOUND('',#355,.T.);
#238=FACE_OUTER_BOUND('',#356,.T.);
#239=FACE_OUTER_BOUND('',#357,.T.);
#240=FACE_OUTER_BOUND('',#358,.T.);
#241=FACE_OUTER_BOUND('',#359,.T.);
#242=FACE_OUTER_BOUND('',#360,.T.);
#243=FACE_OUTER_BOUND('',#361,.T.);
#244=FACE_OUTER_BOUND('',#362,.T.);
#245=FACE_OUTER_BOUND('',#363,.T.);
#246=FACE_OUTER_BOUND('',#364,.T.);
#247=FACE_OUTER_BOUND('',#365,.T.);
#248=FACE_OUTER_BOUND('',#366,.T.);
#249=FACE_OUTER_BOUND('',#367,.T.);
#250=FACE_OUTER_BOUND('',#368,.T.);
#251=FACE_OUTER_BOUND('',#369,.T.);
#252=FACE_OUTER_BOUND('',#370,.T.);
#253=FACE_OUTER_BOUND('',#371,.T.);
#254=FACE_OUTER_BOUND('',#372,.T.);
#255=FACE_OUTER_BOUND('',#373,.T.);
#256=FACE_OUTER_BOUND('',#374,.T.);
#257=FACE_OUTER_BOUND('',#375,.T.);
#258=FACE_OUTER_BOUND('',#376,.T.);
#259=FACE_OUTER_BOUND('',#377,.T.);
#260=FACE_OUTER_BOUND('',#378,.T.);
#261=FACE_OUTER_BOUND('',#379,.T.);
#262=FACE_OUTER_BOUND('',#380,.T.);
#263=FACE_OUTER_BOUND('',#381,.T.);
#264=FACE_OUTER_BOUND('',#382,.T.);
#265=FACE_OUTER_BOUND('',#383,.T.);
#266=FACE_OUTER_BOUND('',#384,.T.);
#267=FACE_OUTER_BOUND('',#385,.T.);
#268=FACE_OUTER_BOUND('',#386,.T.);
#269=FACE_OUTER_BOUND('',#387,.T.);
#270=FACE_OUTER_BOUND('',#388,.T.);
#271=FACE_OUTER_BOUND('',#389,.T.);
#272=FACE_OUTER_BOUND('',#390,.T.);
#273=FACE_OUTER_BOUND('',#391,.T.);
#274=FACE_OUTER_BOUND('',#392,.T.);
#275=FACE_OUTER_BOUND('',#393,.T.);
#276=FACE_OUTER_BOUND('',#394,.T.);
#277=FACE_OUTER_BOUND('',#395,.T.);
#278=FACE_OUTER_BOUND('',#396,.T.);
#279=FACE_OUTER_BOUND('',#397,.T.);
#280=FACE_OUTER_BOUND('',#398,.T.);
#281=FACE_OUTER_BOUND('',#399,.T.);
#282=FACE_OUTER_BOUND('',#400,.T.);
#283=FACE_OUTER_BOUND('',#401,.T.);
#284=FACE_OUTER_BOUND('',#402,.T.);
#285=FACE_OUTER_BOUND('',#403,.T.);
#286=FACE_OUTER_BOUND('',#404,.T.);
#287=FACE_OUTER_BOUND('',#405,.T.);
#288=FACE_OUTER_BOUND('',#406,.T.);
#289=FACE_OUTER_BOUND('',#407,.T.);
#290=FACE_OUTER_BOUND('',#408,.T.);
#291=FACE_OUTER_BOUND('',#409,.T.);
#292=FACE_OUTER_BOUND('',#410,.T.);
#293=FACE_OUTER_BOUND('',#411,.T.);
#294=FACE_OUTER_BOUND('',#412,.T.);
#295=FACE_OUTER_BOUND('',#413,.T.);
#296=FACE_OUTER_BOUND('',#414,.T.);
#297=FACE_OUTER_BOUND('',#415,.T.);
#298=FACE_OUTER_BOUND('',#416,.T.);
#299=FACE_OUTER_BOUND('',#417,.T.);
#300=FACE_OUTER_BOUND('',#418,.T.);
#301=FACE_OUTER_BOUND('',#419,.T.);
#302=FACE_OUTER_BOUND('',#420,.T.);
#303=FACE_OUTER_BOUND('',#421,.T.);
#304=FACE_OUTER_BOUND('',#422,.T.);
#305=FACE_OUTER_BOUND('',#423,.T.);
#306=FACE_OUTER_BOUND('',#444,.T.);
#307=FACE_OUTER_BOUND('',#445,.T.);
#308=FACE_OUTER_BOUND('',#446,.T.);
#309=FACE_OUTER_BOUND('',#447,.T.);
#310=FACE_OUTER_BOUND('',#448,.T.);
#311=FACE_OUTER_BOUND('',#449,.T.);
#312=FACE_OUTER_BOUND('',#450,.T.);
#313=FACE_OUTER_BOUND('',#451,.T.);
#314=FACE_OUTER_BOUND('',#452,.T.);
#315=FACE_OUTER_BOUND('',#453,.T.);
#316=FACE_OUTER_BOUND('',#454,.T.);
#317=EDGE_LOOP('',(#1559,#1560,#1561,#1562));
#318=EDGE_LOOP('',(#1563,#1564,#1565,#1566));
#319=EDGE_LOOP('',(#1567,#1568,#1569,#1570));
#320=EDGE_LOOP('',(#1571,#1572,#1573,#1574));
#321=EDGE_LOOP('',(#1575,#1576,#1577,#1578));
#322=EDGE_LOOP('',(#1579,#1580,#1581,#1582));
#323=EDGE_LOOP('',(#1583,#1584,#1585,#1586));
#324=EDGE_LOOP('',(#1587,#1588,#1589,#1590));
#325=EDGE_LOOP('',(#1591,#1592,#1593,#1594));
#326=EDGE_LOOP('',(#1595,#1596,#1597,#1598));
#327=EDGE_LOOP('',(#1599,#1600,#1601,#1602));
#328=EDGE_LOOP('',(#1603,#1604,#1605,#1606));
#329=EDGE_LOOP('',(#1607,#1608,#1609,#1610));
#330=EDGE_LOOP('',(#1611,#1612,#1613,#1614));
#331=EDGE_LOOP('',(#1615,#1616,#1617,#1618));
#332=EDGE_LOOP('',(#1619,#1620,#1621,#1622));
#333=EDGE_LOOP('',(#1623,#1624,#1625,#1626));
#334=EDGE_LOOP('',(#1627,#1628,#1629,#1630));
#335=EDGE_LOOP('',(#1631,#1632,#1633,#1634));
#336=EDGE_LOOP('',(#1635,#1636,#1637,#1638));
#337=EDGE_LOOP('',(#1639,#1640,#1641,#1642));
#338=EDGE_LOOP('',(#1643,#1644,#1645,#1646));
#339=EDGE_LOOP('',(#1647,#1648,#1649,#1650));
#340=EDGE_LOOP('',(#1651,#1652,#1653,#1654));
#341=EDGE_LOOP('',(#1655,#1656,#1657,#1658));
#342=EDGE_LOOP('',(#1659,#1660,#1661,#1662));
#343=EDGE_LOOP('',(#1663,#1664,#1665,#1666));
#344=EDGE_LOOP('',(#1667,#1668,#1669,#1670));
#345=EDGE_LOOP('',(#1671,#1672,#1673,#1674));
#346=EDGE_LOOP('',(#1675,#1676,#1677,#1678));
#347=EDGE_LOOP('',(#1679,#1680,#1681,#1682));
#348=EDGE_LOOP('',(#1683,#1684,#1685,#1686));
#349=EDGE_LOOP('',(#1687,#1688,#1689,#1690));
#350=EDGE_LOOP('',(#1691,#1692,#1693,#1694));
#351=EDGE_LOOP('',(#1695,#1696,#1697,#1698));
#352=EDGE_LOOP('',(#1699,#1700,#1701,#1702));
#353=EDGE_LOOP('',(#1703,#1704,#1705,#1706));
#354=EDGE_LOOP('',(#1707,#1708,#1709,#1710));
#355=EDGE_LOOP('',(#1711,#1712,#1713,#1714));
#356=EDGE_LOOP('',(#1715,#1716,#1717,#1718));
#357=EDGE_LOOP('',(#1719,#1720,#1721,#1722));
#358=EDGE_LOOP('',(#1723,#1724,#1725,#1726));
#359=EDGE_LOOP('',(#1727,#1728,#1729,#1730));
#360=EDGE_LOOP('',(#1731,#1732,#1733,#1734));
#361=EDGE_LOOP('',(#1735,#1736,#1737,#1738));
#362=EDGE_LOOP('',(#1739,#1740,#1741,#1742));
#363=EDGE_LOOP('',(#1743,#1744,#1745,#1746));
#364=EDGE_LOOP('',(#1747,#1748,#1749,#1750));
#365=EDGE_LOOP('',(#1751,#1752,#1753,#1754));
#366=EDGE_LOOP('',(#1755,#1756,#1757,#1758));
#367=EDGE_LOOP('',(#1759,#1760,#1761,#1762));
#368=EDGE_LOOP('',(#1763,#1764,#1765,#1766));
#369=EDGE_LOOP('',(#1767,#1768,#1769,#1770));
#370=EDGE_LOOP('',(#1771,#1772,#1773,#1774));
#371=EDGE_LOOP('',(#1775,#1776,#1777,#1778));
#372=EDGE_LOOP('',(#1779,#1780,#1781,#1782));
#373=EDGE_LOOP('',(#1783,#1784,#1785,#1786));
#374=EDGE_LOOP('',(#1787,#1788,#1789,#1790));
#375=EDGE_LOOP('',(#1791,#1792,#1793,#1794));
#376=EDGE_LOOP('',(#1795,#1796,#1797,#1798));
#377=EDGE_LOOP('',(#1799,#1800,#1801,#1802));
#378=EDGE_LOOP('',(#1803,#1804,#1805,#1806));
#379=EDGE_LOOP('',(#1807,#1808,#1809,#1810));
#380=EDGE_LOOP('',(#1811,#1812,#1813,#1814));
#381=EDGE_LOOP('',(#1815,#1816,#1817,#1818));
#382=EDGE_LOOP('',(#1819,#1820,#1821,#1822));
#383=EDGE_LOOP('',(#1823,#1824,#1825,#1826));
#384=EDGE_LOOP('',(#1827,#1828,#1829,#1830));
#385=EDGE_LOOP('',(#1831,#1832,#1833,#1834));
#386=EDGE_LOOP('',(#1835,#1836,#1837,#1838));
#387=EDGE_LOOP('',(#1839,#1840,#1841,#1842));
#388=EDGE_LOOP('',(#1843,#1844,#1845,#1846));
#389=EDGE_LOOP('',(#1847,#1848,#1849,#1850));
#390=EDGE_LOOP('',(#1851,#1852,#1853,#1854));
#391=EDGE_LOOP('',(#1855,#1856,#1857,#1858));
#392=EDGE_LOOP('',(#1859,#1860,#1861,#1862));
#393=EDGE_LOOP('',(#1863,#1864,#1865,#1866));
#394=EDGE_LOOP('',(#1867,#1868,#1869,#1870));
#395=EDGE_LOOP('',(#1871,#1872,#1873,#1874));
#396=EDGE_LOOP('',(#1875,#1876,#1877,#1878));
#397=EDGE_LOOP('',(#1879,#1880,#1881,#1882));
#398=EDGE_LOOP('',(#1883,#1884,#1885,#1886));
#399=EDGE_LOOP('',(#1887,#1888,#1889,#1890));
#400=EDGE_LOOP('',(#1891,#1892,#1893,#1894));
#401=EDGE_LOOP('',(#1895,#1896,#1897,#1898));
#402=EDGE_LOOP('',(#1899,#1900,#1901,#1902));
#403=EDGE_LOOP('',(#1903,#1904,#1905,#1906));
#404=EDGE_LOOP('',(#1907,#1908,#1909,#1910));
#405=EDGE_LOOP('',(#1911,#1912,#1913,#1914));
#406=EDGE_LOOP('',(#1915,#1916,#1917,#1918));
#407=EDGE_LOOP('',(#1919,#1920,#1921,#1922));
#408=EDGE_LOOP('',(#1923,#1924,#1925,#1926));
#409=EDGE_LOOP('',(#1927,#1928,#1929,#1930));
#410=EDGE_LOOP('',(#1931,#1932,#1933,#1934));
#411=EDGE_LOOP('',(#1935,#1936,#1937,#1938));
#412=EDGE_LOOP('',(#1939,#1940,#1941,#1942));
#413=EDGE_LOOP('',(#1943,#1944,#1945,#1946));
#414=EDGE_LOOP('',(#1947,#1948,#1949,#1950));
#415=EDGE_LOOP('',(#1951,#1952,#1953,#1954));
#416=EDGE_LOOP('',(#1955,#1956,#1957,#1958));
#417=EDGE_LOOP('',(#1959,#1960,#1961,#1962));
#418=EDGE_LOOP('',(#1963,#1964,#1965,#1966));
#419=EDGE_LOOP('',(#1967,#1968,#1969,#1970));
#420=EDGE_LOOP('',(#1971,#1972,#1973,#1974));
#421=EDGE_LOOP('',(#1975,#1976,#1977,#1978));
#422=EDGE_LOOP('',(#1979,#1980,#1981,#1982));
#423=EDGE_LOOP('',(#1983,#1984,#1985,#1986,#1987,#1988,#1989,#1990));
#424=EDGE_LOOP('',(#1991,#1992,#1993,#1994,#1995,#1996));
#425=EDGE_LOOP('',(#1997,#1998,#1999,#2000));
#426=EDGE_LOOP('',(#2001,#2002,#2003,#2004));
#427=EDGE_LOOP('',(#2005,#2006,#2007,#2008));
#428=EDGE_LOOP('',(#2009,#2010,#2011,#2012));
#429=EDGE_LOOP('',(#2013,#2014,#2015,#2016));
#430=EDGE_LOOP('',(#2017,#2018,#2019,#2020,#2021,#2022,#2023,#2024));
#431=EDGE_LOOP('',(#2025,#2026,#2027,#2028,#2029,#2030,#2031,#2032));
#432=EDGE_LOOP('',(#2033,#2034,#2035,#2036,#2037,#2038,#2039,#2040));
#433=EDGE_LOOP('',(#2041,#2042,#2043,#2044,#2045,#2046,#2047,#2048));
#434=EDGE_LOOP('',(#2049,#2050,#2051,#2052,#2053,#2054,#2055,#2056));
#435=EDGE_LOOP('',(#2057,#2058,#2059,#2060,#2061,#2062,#2063,#2064));
#436=EDGE_LOOP('',(#2065,#2066,#2067,#2068,#2069,#2070,#2071,#2072));
#437=EDGE_LOOP('',(#2073,#2074,#2075,#2076,#2077,#2078,#2079,#2080));
#438=EDGE_LOOP('',(#2081,#2082,#2083,#2084,#2085,#2086,#2087,#2088));
#439=EDGE_LOOP('',(#2089,#2090,#2091,#2092,#2093,#2094));
#440=EDGE_LOOP('',(#2095));
#441=EDGE_LOOP('',(#2096));
#442=EDGE_LOOP('',(#2097));
#443=EDGE_LOOP('',(#2098));
#444=EDGE_LOOP('',(#2099,#2100,#2101,#2102));
#445=EDGE_LOOP('',(#2103,#2104,#2105,#2106));
#446=EDGE_LOOP('',(#2107,#2108,#2109,#2110));
#447=EDGE_LOOP('',(#2111,#2112,#2113,#2114));
#448=EDGE_LOOP('',(#2115,#2116,#2117,#2118));
#449=EDGE_LOOP('',(#2119,#2120,#2121,#2122));
#450=EDGE_LOOP('',(#2123,#2124,#2125,#2126));
#451=EDGE_LOOP('',(#2127,#2128,#2129,#2130));
#452=EDGE_LOOP('',(#2131,#2132,#2133,#2134));
#453=EDGE_LOOP('',(#2135,#2136,#2137,#2138));
#454=EDGE_LOOP('',(#2139,#2140,#2141,#2142,#2143,#2144,#2145,#2146));
#455=EDGE_LOOP('',(#2147,#2148,#2149,#2150));
#456=EDGE_LOOP('',(#2151,#2152,#2153,#2154,#2155,#2156));
#457=EDGE_LOOP('',(#2157,#2158,#2159,#2160));
#458=EDGE_LOOP('',(#2161,#2162,#2163,#2164));
#459=EDGE_LOOP('',(#2165,#2166,#2167,#2168));
#460=EDGE_LOOP('',(#2169,#2170,#2171,#2172));
#461=EDGE_LOOP('',(#2173,#2174,#2175,#2176,#2177,#2178,#2179,#2180));
#462=EDGE_LOOP('',(#2181,#2182,#2183,#2184,#2185,#2186,#2187,#2188));
#463=EDGE_LOOP('',(#2189,#2190,#2191,#2192,#2193,#2194,#2195,#2196));
#464=EDGE_LOOP('',(#2197,#2198,#2199,#2200,#2201,#2202,#2203,#2204));
#465=EDGE_LOOP('',(#2205,#2206,#2207,#2208,#2209,#2210,#2211,#2212));
#466=EDGE_LOOP('',(#2213,#2214,#2215,#2216,#2217,#2218,#2219,#2220));
#467=EDGE_LOOP('',(#2221,#2222,#2223,#2224,#2225,#2226,#2227,#2228));
#468=EDGE_LOOP('',(#2229,#2230,#2231,#2232,#2233,#2234,#2235,#2236));
#469=EDGE_LOOP('',(#2237,#2238,#2239,#2240,#2241,#2242,#2243,#2244));
#470=EDGE_LOOP('',(#2245,#2246,#2247,#2248,#2249,#2250));
#471=EDGE_LOOP('',(#2251));
#472=EDGE_LOOP('',(#2252));
#473=EDGE_LOOP('',(#2253));
#474=EDGE_LOOP('',(#2254));
#475=LINE('',#3213,#727);
#476=LINE('',#3215,#728);
#477=LINE('',#3217,#729);
#478=LINE('',#3218,#730);
#479=LINE('',#3222,#731);
#480=LINE('',#3224,#732);
#481=LINE('',#3226,#733);
#482=LINE('',#3227,#734);
#483=LINE('',#3230,#735);
#484=LINE('',#3232,#736);
#485=LINE('',#3233,#737);
#486=LINE('',#3236,#738);
#487=LINE('',#3238,#739);
#488=LINE('',#3239,#740);
#489=LINE('',#3242,#741);
#490=LINE('',#3244,#742);
#491=LINE('',#3245,#743);
#492=LINE('',#3248,#744);
#493=LINE('',#3250,#745);
#494=LINE('',#3251,#746);
#495=LINE('',#3255,#747);
#496=LINE('',#3257,#748);
#497=LINE('',#3259,#749);
#498=LINE('',#3260,#750);
#499=LINE('',#3264,#751);
#500=LINE('',#3266,#752);
#501=LINE('',#3268,#753);
#502=LINE('',#3269,#754);
#503=LINE('',#3272,#755);
#504=LINE('',#3274,#756);
#505=LINE('',#3275,#757);
#506=LINE('',#3278,#758);
#507=LINE('',#3280,#759);
#508=LINE('',#3281,#760);
#509=LINE('',#3284,#761);
#510=LINE('',#3286,#762);
#511=LINE('',#3287,#763);
#512=LINE('',#3290,#764);
#513=LINE('',#3292,#765);
#514=LINE('',#3293,#766);
#515=LINE('',#3297,#767);
#516=LINE('',#3299,#768);
#517=LINE('',#3301,#769);
#518=LINE('',#3302,#770);
#519=LINE('',#3304,#771);
#520=LINE('',#3305,#772);
#521=LINE('',#3308,#773);
#522=LINE('',#3310,#774);
#523=LINE('',#3311,#775);
#524=LINE('',#3314,#776);
#525=LINE('',#3316,#777);
#526=LINE('',#3317,#778);
#527=LINE('',#3319,#779);
#528=LINE('',#3320,#780);
#529=LINE('',#3322,#781);
#530=LINE('',#3323,#782);
#531=LINE('',#3345,#783);
#532=LINE('',#3368,#784);
#533=LINE('',#3391,#785);
#534=LINE('',#3414,#786);
#535=LINE('',#3419,#787);
#536=LINE('',#3421,#788);
#537=LINE('',#3423,#789);
#538=LINE('',#3424,#790);
#539=LINE('',#3427,#791);
#540=LINE('',#3429,#792);
#541=LINE('',#3430,#793);
#542=LINE('',#3433,#794);
#543=LINE('',#3435,#795);
#544=LINE('',#3436,#796);
#545=LINE('',#3438,#797);
#546=LINE('',#3439,#798);
#547=LINE('',#3449,#799);
#548=LINE('',#3453,#800);
#549=LINE('',#3455,#801);
#550=LINE('',#3456,#802);
#551=LINE('',#3474,#803);
#552=LINE('',#3478,#804);
#553=LINE('',#3480,#805);
#554=LINE('',#3481,#806);
#555=LINE('',#3500,#807);
#556=LINE('',#3503,#808);
#557=LINE('',#3506,#809);
#558=LINE('',#3508,#810);
#559=LINE('',#3509,#811);
#560=LINE('',#3520,#812);
#561=LINE('',#3523,#813);
#562=LINE('',#3526,#814);
#563=LINE('',#3528,#815);
#564=LINE('',#3529,#816);
#565=LINE('',#3540,#817);
#566=LINE('',#3543,#818);
#567=LINE('',#3546,#819);
#568=LINE('',#3548,#820);
#569=LINE('',#3549,#821);
#570=LINE('',#3560,#822);
#571=LINE('',#3563,#823);
#572=LINE('',#3566,#824);
#573=LINE('',#3568,#825);
#574=LINE('',#3569,#826);
#575=LINE('',#3580,#827);
#576=LINE('',#3583,#828);
#577=LINE('',#3586,#829);
#578=LINE('',#3588,#830);
#579=LINE('',#3589,#831);
#580=LINE('',#3600,#832);
#581=LINE('',#3603,#833);
#582=LINE('',#3606,#834);
#583=LINE('',#3608,#835);
#584=LINE('',#3609,#836);
#585=LINE('',#3620,#837);
#586=LINE('',#3623,#838);
#587=LINE('',#3626,#839);
#588=LINE('',#3628,#840);
#589=LINE('',#3629,#841);
#590=LINE('',#3640,#842);
#591=LINE('',#3643,#843);
#592=LINE('',#3646,#844);
#593=LINE('',#3648,#845);
#594=LINE('',#3649,#846);
#595=LINE('',#3660,#847);
#596=LINE('',#3663,#848);
#597=LINE('',#3666,#849);
#598=LINE('',#3668,#850);
#599=LINE('',#3669,#851);
#600=LINE('',#3680,#852);
#601=LINE('',#3683,#853);
#602=LINE('',#3685,#854);
#603=LINE('',#3686,#855);
#604=LINE('',#3697,#856);
#605=LINE('',#3700,#857);
#606=LINE('',#3702,#858);
#607=LINE('',#3703,#859);
#608=LINE('',#3714,#860);
#609=LINE('',#3717,#861);
#610=LINE('',#3719,#862);
#611=LINE('',#3720,#863);
#612=LINE('',#3731,#864);
#613=LINE('',#3734,#865);
#614=LINE('',#3736,#866);
#615=LINE('',#3737,#867);
#616=LINE('',#3748,#868);
#617=LINE('',#3751,#869);
#618=LINE('',#3753,#870);
#619=LINE('',#3754,#871);
#620=LINE('',#3765,#872);
#621=LINE('',#3768,#873);
#622=LINE('',#3770,#874);
#623=LINE('',#3771,#875);
#624=LINE('',#3782,#876);
#625=LINE('',#3785,#877);
#626=LINE('',#3787,#878);
#627=LINE('',#3788,#879);
#628=LINE('',#3799,#880);
#629=LINE('',#3802,#881);
#630=LINE('',#3804,#882);
#631=LINE('',#3805,#883);
#632=LINE('',#3816,#884);
#633=LINE('',#3819,#885);
#634=LINE('',#3821,#886);
#635=LINE('',#3822,#887);
#636=LINE('',#3833,#888);
#637=LINE('',#3836,#889);
#638=LINE('',#3838,#890);
#639=LINE('',#3839,#891);
#640=LINE('',#3850,#892);
#641=LINE('',#3853,#893);
#642=LINE('',#3855,#894);
#643=LINE('',#3856,#895);
#644=LINE('',#3867,#896);
#645=LINE('',#3870,#897);
#646=LINE('',#3872,#898);
#647=LINE('',#3873,#899);
#648=LINE('',#3884,#900);
#649=LINE('',#3887,#901);
#650=LINE('',#3889,#902);
#651=LINE('',#3890,#903);
#652=LINE('',#3901,#904);
#653=LINE('',#3904,#905);
#654=LINE('',#3906,#906);
#655=LINE('',#3907,#907);
#656=LINE('',#3918,#908);
#657=LINE('',#3921,#909);
#658=LINE('',#3923,#910);
#659=LINE('',#3924,#911);
#660=LINE('',#3935,#912);
#661=LINE('',#3938,#913);
#662=LINE('',#3940,#914);
#663=LINE('',#3941,#915);
#664=LINE('',#3952,#916);
#665=LINE('',#3955,#917);
#666=LINE('',#3957,#918);
#667=LINE('',#3958,#919);
#668=LINE('',#3969,#920);
#669=LINE('',#3972,#921);
#670=LINE('',#3974,#922);
#671=LINE('',#3975,#923);
#672=LINE('',#3985,#924);
#673=LINE('',#3988,#925);
#674=LINE('',#3989,#926);
#675=LINE('',#3999,#927);
#676=LINE('',#4002,#928);
#677=LINE('',#4003,#929);
#678=LINE('',#4013,#930);
#679=LINE('',#4016,#931);
#680=LINE('',#4017,#932);
#681=LINE('',#4027,#933);
#682=LINE('',#4030,#934);
#683=LINE('',#4031,#935);
#684=LINE('',#4041,#936);
#685=LINE('',#4044,#937);
#686=LINE('',#4045,#938);
#687=LINE('',#4055,#939);
#688=LINE('',#4058,#940);
#689=LINE('',#4059,#941);
#690=LINE('',#4069,#942);
#691=LINE('',#4072,#943);
#692=LINE('',#4073,#944);
#693=LINE('',#4083,#945);
#694=LINE('',#4086,#946);
#695=LINE('',#4087,#947);
#696=LINE('',#4097,#948);
#697=LINE('',#4100,#949);
#698=LINE('',#4101,#950);
#699=LINE('',#4112,#951);
#700=LINE('',#4115,#952);
#701=LINE('',#4118,#953);
#702=LINE('',#4120,#954);
#703=LINE('',#4121,#955);
#704=LINE('',#4124,#956);
#705=LINE('',#4128,#957);
#706=LINE('',#4132,#958);
#707=LINE('',#4136,#959);
#708=LINE('',#4138,#960);
#709=LINE('',#4140,#961);
#710=LINE('',#4141,#962);
#711=LINE('',#4150,#963);
#712=LINE('',#4153,#964);
#713=LINE('',#4154,#965);
#714=LINE('',#4163,#966);
#715=LINE('',#4166,#967);
#716=LINE('',#4167,#968);
#717=LINE('',#4176,#969);
#718=LINE('',#4180,#970);
#719=LINE('',#4181,#971);
#720=LINE('',#4182,#972);
#721=LINE('',#4185,#973);
#722=LINE('',#4186,#974);
#723=LINE('',#4189,#975);
#724=LINE('',#4190,#976);
#725=LINE('',#4192,#977);
#726=LINE('',#4194,#978);
#727=VECTOR('',#2627,10.029);
#728=VECTOR('',#2628,12.);
#729=VECTOR('',#2629,10.029);
#730=VECTOR('',#2630,12.);
#731=VECTOR('',#2633,10.029);
#732=VECTOR('',#2634,12.);
#733=VECTOR('',#2635,10.029);
#734=VECTOR('',#2636,12.);
#735=VECTOR('',#2639,10.0305);
#736=VECTOR('',#2640,12.);
#737=VECTOR('',#2641,10.0305);
#738=VECTOR('',#2644,10.0305);
#739=VECTOR('',#2645,12.);
#740=VECTOR('',#2646,10.0305);
#741=VECTOR('',#2649,10.0305);
#742=VECTOR('',#2650,12.);
#743=VECTOR('',#2651,10.0305);
#744=VECTOR('',#2654,10.0305);
#745=VECTOR('',#2655,12.);
#746=VECTOR('',#2656,10.0305);
#747=VECTOR('',#2659,10.029);
#748=VECTOR('',#2660,12.);
#749=VECTOR('',#2661,10.029);
#750=VECTOR('',#2662,12.);
#751=VECTOR('',#2665,10.029);
#752=VECTOR('',#2666,12.);
#753=VECTOR('',#2667,10.029);
#754=VECTOR('',#2668,12.);
#755=VECTOR('',#2671,10.0305);
#756=VECTOR('',#2672,12.);
#757=VECTOR('',#2673,10.0305);
#758=VECTOR('',#2676,10.0305);
#759=VECTOR('',#2677,12.);
#760=VECTOR('',#2678,10.0305);
#761=VECTOR('',#2681,10.0305);
#762=VECTOR('',#2682,12.);
#763=VECTOR('',#2683,10.0305);
#764=VECTOR('',#2686,10.0305);
#765=VECTOR('',#2687,12.);
#766=VECTOR('',#2688,10.0305);
#767=VECTOR('',#2691,10.029);
#768=VECTOR('',#2692,12.);
#769=VECTOR('',#2693,10.029);
#770=VECTOR('',#2694,12.);
#771=VECTOR('',#2697,10.029);
#772=VECTOR('',#2698,10.029);
#773=VECTOR('',#2701,10.0305);
#774=VECTOR('',#2702,12.);
#775=VECTOR('',#2703,10.0305);
#776=VECTOR('',#2706,10.0305);
#777=VECTOR('',#2707,12.);
#778=VECTOR('',#2708,10.0305);
#779=VECTOR('',#2711,10.029);
#780=VECTOR('',#2712,10.029);
#781=VECTOR('',#2715,10.029);
#782=VECTOR('',#2716,10.029);
#783=VECTOR('',#2719,1.705185);
#784=VECTOR('',#2724,1.705185);
#785=VECTOR('',#2729,1.705185);
#786=VECTOR('',#2734,1.705185);
#787=VECTOR('',#2739,10.0305);
#788=VECTOR('',#2740,12.);
#789=VECTOR('',#2741,10.0305);
#790=VECTOR('',#2742,12.);
#791=VECTOR('',#2745,10.029);
#792=VECTOR('',#2746,12.);
#793=VECTOR('',#2747,10.029);
#794=VECTOR('',#2750,10.0305);
#795=VECTOR('',#2751,12.);
#796=VECTOR('',#2752,10.0305);
#797=VECTOR('',#2755,10.029);
#798=VECTOR('',#2756,10.029);
#799=VECTOR('',#2759,12.);
#800=VECTOR('',#2764,10.029);
#801=VECTOR('',#2765,12.);
#802=VECTOR('',#2766,10.029);
#803=VECTOR('',#2773,12.);
#804=VECTOR('',#2778,10.029);
#805=VECTOR('',#2779,12.);
#806=VECTOR('',#2780,10.029);
#807=VECTOR('',#2787,12.);
#808=VECTOR('',#2790,12.);
#809=VECTOR('',#2793,10.0305);
#810=VECTOR('',#2794,12.);
#811=VECTOR('',#2795,10.0305);
#812=VECTOR('',#2798,12.);
#813=VECTOR('',#2801,12.);
#814=VECTOR('',#2804,10.0305);
#815=VECTOR('',#2805,12.);
#816=VECTOR('',#2806,10.0305);
#817=VECTOR('',#2809,12.);
#818=VECTOR('',#2812,12.);
#819=VECTOR('',#2815,10.0305);
#820=VECTOR('',#2816,12.);
#821=VECTOR('',#2817,10.0305);
#822=VECTOR('',#2820,12.);
#823=VECTOR('',#2823,12.);
#824=VECTOR('',#2826,10.0305);
#825=VECTOR('',#2827,12.);
#826=VECTOR('',#2828,10.0305);
#827=VECTOR('',#2831,12.);
#828=VECTOR('',#2834,12.);
#829=VECTOR('',#2837,10.0305);
#830=VECTOR('',#2838,12.);
#831=VECTOR('',#2839,10.0305);
#832=VECTOR('',#2842,12.);
#833=VECTOR('',#2845,12.);
#834=VECTOR('',#2848,10.0305);
#835=VECTOR('',#2849,12.);
#836=VECTOR('',#2850,10.0305);
#837=VECTOR('',#2853,12.);
#838=VECTOR('',#2856,12.);
#839=VECTOR('',#2859,10.0305);
#840=VECTOR('',#2860,12.);
#841=VECTOR('',#2861,10.0305);
#842=VECTOR('',#2864,12.);
#843=VECTOR('',#2867,12.);
#844=VECTOR('',#2870,10.0305);
#845=VECTOR('',#2871,12.);
#846=VECTOR('',#2872,10.0305);
#847=VECTOR('',#2875,12.);
#848=VECTOR('',#2878,12.);
#849=VECTOR('',#2881,10.0305);
#850=VECTOR('',#2882,12.);
#851=VECTOR('',#2883,10.0305);
#852=VECTOR('',#2886,12.);
#853=VECTOR('',#2889,12.);
#854=VECTOR('',#2892,10.029);
#855=VECTOR('',#2893,10.029);
#856=VECTOR('',#2896,12.);
#857=VECTOR('',#2899,12.);
#858=VECTOR('',#2902,10.029);
#859=VECTOR('',#2903,10.029);
#860=VECTOR('',#2906,12.);
#861=VECTOR('',#2909,12.);
#862=VECTOR('',#2912,10.029);
#863=VECTOR('',#2913,10.029);
#864=VECTOR('',#2916,12.);
#865=VECTOR('',#2919,12.);
#866=VECTOR('',#2922,10.029);
#867=VECTOR('',#2923,10.029);
#868=VECTOR('',#2926,12.);
#869=VECTOR('',#2929,12.);
#870=VECTOR('',#2932,10.029);
#871=VECTOR('',#2933,10.029);
#872=VECTOR('',#2936,12.);
#873=VECTOR('',#2939,12.);
#874=VECTOR('',#2942,10.029);
#875=VECTOR('',#2943,10.029);
#876=VECTOR('',#2946,12.);
#877=VECTOR('',#2949,12.);
#878=VECTOR('',#2952,10.029);
#879=VECTOR('',#2953,10.029);
#880=VECTOR('',#2956,12.);
#881=VECTOR('',#2959,12.);
#882=VECTOR('',#2962,10.029);
#883=VECTOR('',#2963,10.029);
#884=VECTOR('',#2966,12.);
#885=VECTOR('',#2969,12.);
#886=VECTOR('',#2972,10.029);
#887=VECTOR('',#2973,10.029);
#888=VECTOR('',#2976,12.);
#889=VECTOR('',#2979,12.);
#890=VECTOR('',#2982,10.0305);
#891=VECTOR('',#2983,10.0305);
#892=VECTOR('',#2986,12.);
#893=VECTOR('',#2989,12.);
#894=VECTOR('',#2992,10.0305);
#895=VECTOR('',#2993,10.0305);
#896=VECTOR('',#2996,12.);
#897=VECTOR('',#2999,12.);
#898=VECTOR('',#3002,10.0305);
#899=VECTOR('',#3003,10.0305);
#900=VECTOR('',#3006,12.);
#901=VECTOR('',#3009,12.);
#902=VECTOR('',#3012,10.0305);
#903=VECTOR('',#3013,10.0305);
#904=VECTOR('',#3016,12.);
#905=VECTOR('',#3019,12.);
#906=VECTOR('',#3022,10.0305);
#907=VECTOR('',#3023,10.0305);
#908=VECTOR('',#3026,12.);
#909=VECTOR('',#3029,12.);
#910=VECTOR('',#3032,10.0305);
#911=VECTOR('',#3033,10.0305);
#912=VECTOR('',#3036,12.);
#913=VECTOR('',#3039,12.);
#914=VECTOR('',#3042,10.0305);
#915=VECTOR('',#3043,10.0305);
#916=VECTOR('',#3046,12.);
#917=VECTOR('',#3049,12.);
#918=VECTOR('',#3052,10.0305);
#919=VECTOR('',#3053,10.0305);
#920=VECTOR('',#3056,12.);
#921=VECTOR('',#3059,12.);
#922=VECTOR('',#3062,10.0305);
#923=VECTOR('',#3063,10.0305);
#924=VECTOR('',#3066,12.);
#925=VECTOR('',#3071,10.029);
#926=VECTOR('',#3072,10.029);
#927=VECTOR('',#3075,12.);
#928=VECTOR('',#3080,10.029);
#929=VECTOR('',#3081,10.029);
#930=VECTOR('',#3084,12.);
#931=VECTOR('',#3089,10.029);
#932=VECTOR('',#3090,10.029);
#933=VECTOR('',#3093,12.);
#934=VECTOR('',#3098,10.029);
#935=VECTOR('',#3099,10.029);
#936=VECTOR('',#3102,12.);
#937=VECTOR('',#3107,10.029);
#938=VECTOR('',#3108,10.029);
#939=VECTOR('',#3111,12.);
#940=VECTOR('',#3116,10.029);
#941=VECTOR('',#3117,10.029);
#942=VECTOR('',#3120,12.);
#943=VECTOR('',#3125,10.029);
#944=VECTOR('',#3126,10.029);
#945=VECTOR('',#3129,12.);
#946=VECTOR('',#3134,10.029);
#947=VECTOR('',#3135,10.029);
#948=VECTOR('',#3138,12.);
#949=VECTOR('',#3143,10.029);
#950=VECTOR('',#3144,10.029);
#951=VECTOR('',#3147,12.);
#952=VECTOR('',#3150,12.);
#953=VECTOR('',#3153,10.029);
#954=VECTOR('',#3154,12.);
#955=VECTOR('',#3155,10.029);
#956=VECTOR('',#3158,10.0305);
#957=VECTOR('',#3161,10.029);
#958=VECTOR('',#3164,10.0305);
#959=VECTOR('',#3167,10.0305);
#960=VECTOR('',#3168,10.029);
#961=VECTOR('',#3169,10.0305);
#962=VECTOR('',#3170,10.029);
#963=VECTOR('',#3173,12.);
#964=VECTOR('',#3176,12.);
#965=VECTOR('',#3177,10.0305);
#966=VECTOR('',#3180,12.);
#967=VECTOR('',#3183,12.);
#968=VECTOR('',#3184,10.029);
#969=VECTOR('',#3187,12.);
#970=VECTOR('',#3190,10.0305);
#971=VECTOR('',#3191,12.);
#972=VECTOR('',#3192,12.);
#973=VECTOR('',#3195,10.029);
#974=VECTOR('',#3196,12.);
#975=VECTOR('',#3199,10.0305);
#976=VECTOR('',#3200,12.);
#977=VECTOR('',#3203,10.029);
#978=VECTOR('',#3206,10.0305);
#979=VERTEX_POINT('',#3211);
#980=VERTEX_POINT('',#3212);
#981=VERTEX_POINT('',#3214);
#982=VERTEX_POINT('',#3216);
#983=VERTEX_POINT('',#3220);
#984=VERTEX_POINT('',#3221);
#985=VERTEX_POINT('',#3223);
#986=VERTEX_POINT('',#3225);
#987=VERTEX_POINT('',#3229);
#988=VERTEX_POINT('',#3231);
#989=VERTEX_POINT('',#3235);
#990=VERTEX_POINT('',#3237);
#991=VERTEX_POINT('',#3241);
#992=VERTEX_POINT('',#3243);
#993=VERTEX_POINT('',#3247);
#994=VERTEX_POINT('',#3249);
#995=VERTEX_POINT('',#3253);
#996=VERTEX_POINT('',#3254);
#997=VERTEX_POINT('',#3256);
#998=VERTEX_POINT('',#3258);
#999=VERTEX_POINT('',#3262);
#1000=VERTEX_POINT('',#3263);
#1001=VERTEX_POINT('',#3265);
#1002=VERTEX_POINT('',#3267);
#1003=VERTEX_POINT('',#3271);
#1004=VERTEX_POINT('',#3273);
#1005=VERTEX_POINT('',#3277);
#1006=VERTEX_POINT('',#3279);
#1007=VERTEX_POINT('',#3283);
#1008=VERTEX_POINT('',#3285);
#1009=VERTEX_POINT('',#3289);
#1010=VERTEX_POINT('',#3291);
#1011=VERTEX_POINT('',#3295);
#1012=VERTEX_POINT('',#3296);
#1013=VERTEX_POINT('',#3298);
#1014=VERTEX_POINT('',#3300);
#1015=VERTEX_POINT('',#3307);
#1016=VERTEX_POINT('',#3309);
#1017=VERTEX_POINT('',#3313);
#1018=VERTEX_POINT('',#3315);
#1019=VERTEX_POINT('',#3342);
#1020=VERTEX_POINT('',#3344);
#1021=VERTEX_POINT('',#3365);
#1022=VERTEX_POINT('',#3367);
#1023=VERTEX_POINT('',#3388);
#1024=VERTEX_POINT('',#3390);
#1025=VERTEX_POINT('',#3411);
#1026=VERTEX_POINT('',#3413);
#1027=VERTEX_POINT('',#3417);
#1028=VERTEX_POINT('',#3418);
#1029=VERTEX_POINT('',#3420);
#1030=VERTEX_POINT('',#3422);
#1031=VERTEX_POINT('',#3426);
#1032=VERTEX_POINT('',#3428);
#1033=VERTEX_POINT('',#3432);
#1034=VERTEX_POINT('',#3434);
#1035=VERTEX_POINT('',#3446);
#1036=VERTEX_POINT('',#3448);
#1037=VERTEX_POINT('',#3452);
#1038=VERTEX_POINT('',#3454);
#1039=VERTEX_POINT('',#3471);
#1040=VERTEX_POINT('',#3473);
#1041=VERTEX_POINT('',#3477);
#1042=VERTEX_POINT('',#3479);
#1043=VERTEX_POINT('',#3496);
#1044=VERTEX_POINT('',#3497);
#1045=VERTEX_POINT('',#3499);
#1046=VERTEX_POINT('',#3501);
#1047=VERTEX_POINT('',#3505);
#1048=VERTEX_POINT('',#3507);
#1049=VERTEX_POINT('',#3516);
#1050=VERTEX_POINT('',#3517);
#1051=VERTEX_POINT('',#3519);
#1052=VERTEX_POINT('',#3521);
#1053=VERTEX_POINT('',#3525);
#1054=VERTEX_POINT('',#3527);
#1055=VERTEX_POINT('',#3536);
#1056=VERTEX_POINT('',#3537);
#1057=VERTEX_POINT('',#3539);
#1058=VERTEX_POINT('',#3541);
#1059=VERTEX_POINT('',#3545);
#1060=VERTEX_POINT('',#3547);
#1061=VERTEX_POINT('',#3556);
#1062=VERTEX_POINT('',#3557);
#1063=VERTEX_POINT('',#3559);
#1064=VERTEX_POINT('',#3561);
#1065=VERTEX_POINT('',#3565);
#1066=VERTEX_POINT('',#3567);
#1067=VERTEX_POINT('',#3576);
#1068=VERTEX_POINT('',#3577);
#1069=VERTEX_POINT('',#3579);
#1070=VERTEX_POINT('',#3581);
#1071=VERTEX_POINT('',#3585);
#1072=VERTEX_POINT('',#3587);
#1073=VERTEX_POINT('',#3596);
#1074=VERTEX_POINT('',#3597);
#1075=VERTEX_POINT('',#3599);
#1076=VERTEX_POINT('',#3601);
#1077=VERTEX_POINT('',#3605);
#1078=VERTEX_POINT('',#3607);
#1079=VERTEX_POINT('',#3616);
#1080=VERTEX_POINT('',#3617);
#1081=VERTEX_POINT('',#3619);
#1082=VERTEX_POINT('',#3621);
#1083=VERTEX_POINT('',#3625);
#1084=VERTEX_POINT('',#3627);
#1085=VERTEX_POINT('',#3636);
#1086=VERTEX_POINT('',#3637);
#1087=VERTEX_POINT('',#3639);
#1088=VERTEX_POINT('',#3641);
#1089=VERTEX_POINT('',#3645);
#1090=VERTEX_POINT('',#3647);
#1091=VERTEX_POINT('',#3656);
#1092=VERTEX_POINT('',#3657);
#1093=VERTEX_POINT('',#3659);
#1094=VERTEX_POINT('',#3661);
#1095=VERTEX_POINT('',#3665);
#1096=VERTEX_POINT('',#3667);
#1097=VERTEX_POINT('',#3676);
#1098=VERTEX_POINT('',#3677);
#1099=VERTEX_POINT('',#3679);
#1100=VERTEX_POINT('',#3681);
#1101=VERTEX_POINT('',#3693);
#1102=VERTEX_POINT('',#3694);
#1103=VERTEX_POINT('',#3696);
#1104=VERTEX_POINT('',#3698);
#1105=VERTEX_POINT('',#3710);
#1106=VERTEX_POINT('',#3711);
#1107=VERTEX_POINT('',#3713);
#1108=VERTEX_POINT('',#3715);
#1109=VERTEX_POINT('',#3727);
#1110=VERTEX_POINT('',#3728);
#1111=VERTEX_POINT('',#3730);
#1112=VERTEX_POINT('',#3732);
#1113=VERTEX_POINT('',#3744);
#1114=VERTEX_POINT('',#3745);
#1115=VERTEX_POINT('',#3747);
#1116=VERTEX_POINT('',#3749);
#1117=VERTEX_POINT('',#3761);
#1118=VERTEX_POINT('',#3762);
#1119=VERTEX_POINT('',#3764);
#1120=VERTEX_POINT('',#3766);
#1121=VERTEX_POINT('',#3778);
#1122=VERTEX_POINT('',#3779);
#1123=VERTEX_POINT('',#3781);
#1124=VERTEX_POINT('',#3783);
#1125=VERTEX_POINT('',#3795);
#1126=VERTEX_POINT('',#3796);
#1127=VERTEX_POINT('',#3798);
#1128=VERTEX_POINT('',#3800);
#1129=VERTEX_POINT('',#3812);
#1130=VERTEX_POINT('',#3813);
#1131=VERTEX_POINT('',#3815);
#1132=VERTEX_POINT('',#3817);
#1133=VERTEX_POINT('',#3829);
#1134=VERTEX_POINT('',#3830);
#1135=VERTEX_POINT('',#3832);
#1136=VERTEX_POINT('',#3834);
#1137=VERTEX_POINT('',#3846);
#1138=VERTEX_POINT('',#3847);
#1139=VERTEX_POINT('',#3849);
#1140=VERTEX_POINT('',#3851);
#1141=VERTEX_POINT('',#3863);
#1142=VERTEX_POINT('',#3864);
#1143=VERTEX_POINT('',#3866);
#1144=VERTEX_POINT('',#3868);
#1145=VERTEX_POINT('',#3880);
#1146=VERTEX_POINT('',#3881);
#1147=VERTEX_POINT('',#3883);
#1148=VERTEX_POINT('',#3885);
#1149=VERTEX_POINT('',#3897);
#1150=VERTEX_POINT('',#3898);
#1151=VERTEX_POINT('',#3900);
#1152=VERTEX_POINT('',#3902);
#1153=VERTEX_POINT('',#3914);
#1154=VERTEX_POINT('',#3915);
#1155=VERTEX_POINT('',#3917);
#1156=VERTEX_POINT('',#3919);
#1157=VERTEX_POINT('',#3931);
#1158=VERTEX_POINT('',#3932);
#1159=VERTEX_POINT('',#3934);
#1160=VERTEX_POINT('',#3936);
#1161=VERTEX_POINT('',#3948);
#1162=VERTEX_POINT('',#3949);
#1163=VERTEX_POINT('',#3951);
#1164=VERTEX_POINT('',#3953);
#1165=VERTEX_POINT('',#3965);
#1166=VERTEX_POINT('',#3966);
#1167=VERTEX_POINT('',#3968);
#1168=VERTEX_POINT('',#3970);
#1169=VERTEX_POINT('',#3982);
#1170=VERTEX_POINT('',#3984);
#1171=VERTEX_POINT('',#3996);
#1172=VERTEX_POINT('',#3998);
#1173=VERTEX_POINT('',#4010);
#1174=VERTEX_POINT('',#4012);
#1175=VERTEX_POINT('',#4024);
#1176=VERTEX_POINT('',#4026);
#1177=VERTEX_POINT('',#4038);
#1178=VERTEX_POINT('',#4040);
#1179=VERTEX_POINT('',#4052);
#1180=VERTEX_POINT('',#4054);
#1181=VERTEX_POINT('',#4066);
#1182=VERTEX_POINT('',#4068);
#1183=VERTEX_POINT('',#4080);
#1184=VERTEX_POINT('',#4082);
#1185=VERTEX_POINT('',#4094);
#1186=VERTEX_POINT('',#4096);
#1187=VERTEX_POINT('',#4108);
#1188=VERTEX_POINT('',#4109);
#1189=VERTEX_POINT('',#4111);
#1190=VERTEX_POINT('',#4113);
#1191=VERTEX_POINT('',#4117);
#1192=VERTEX_POINT('',#4119);
#1193=VERTEX_POINT('',#4123);
#1194=VERTEX_POINT('',#4125);
#1195=VERTEX_POINT('',#4127);
#1196=VERTEX_POINT('',#4129);
#1197=VERTEX_POINT('',#4131);
#1198=VERTEX_POINT('',#4134);
#1199=VERTEX_POINT('',#4135);
#1200=VERTEX_POINT('',#4137);
#1201=VERTEX_POINT('',#4139);
#1202=VERTEX_POINT('',#4148);
#1203=VERTEX_POINT('',#4152);
#1204=VERTEX_POINT('',#4161);
#1205=VERTEX_POINT('',#4165);
#1206=VERTEX_POINT('',#4174);
#1207=VERTEX_POINT('',#4178);
#1208=VERTEX_POINT('',#4179);
#1209=VERTEX_POINT('',#4184);
#1210=VERTEX_POINT('',#4188);
#1211=EDGE_CURVE('',#979,#980,#475,.T.);
#1212=EDGE_CURVE('',#981,#980,#476,.T.);
#1213=EDGE_CURVE('',#982,#981,#477,.T.);
#1214=EDGE_CURVE('',#979,#982,#478,.T.);
#1215=EDGE_CURVE('',#983,#984,#479,.T.);
#1216=EDGE_CURVE('',#985,#984,#480,.T.);
#1217=EDGE_CURVE('',#986,#985,#481,.T.);
#1218=EDGE_CURVE('',#983,#986,#482,.T.);
#1219=EDGE_CURVE('',#987,#982,#483,.T.);
#1220=EDGE_CURVE('',#988,#987,#484,.T.);
#1221=EDGE_CURVE('',#979,#988,#485,.T.);
#1222=EDGE_CURVE('',#989,#984,#486,.T.);
#1223=EDGE_CURVE('',#989,#990,#487,.T.);
#1224=EDGE_CURVE('',#985,#990,#488,.T.);
#1225=EDGE_CURVE('',#991,#986,#489,.T.);
#1226=EDGE_CURVE('',#991,#992,#490,.T.);
#1227=EDGE_CURVE('',#983,#992,#491,.T.);
#1228=EDGE_CURVE('',#993,#980,#492,.T.);
#1229=EDGE_CURVE('',#994,#993,#493,.T.);
#1230=EDGE_CURVE('',#981,#994,#494,.T.);
#1231=EDGE_CURVE('',#995,#996,#495,.T.);
#1232=EDGE_CURVE('',#997,#996,#496,.T.);
#1233=EDGE_CURVE('',#998,#997,#497,.T.);
#1234=EDGE_CURVE('',#995,#998,#498,.T.);
#1235=EDGE_CURVE('',#999,#1000,#499,.T.);
#1236=EDGE_CURVE('',#1001,#1000,#500,.T.);
#1237=EDGE_CURVE('',#1002,#1001,#501,.T.);
#1238=EDGE_CURVE('',#999,#1002,#502,.T.);
#1239=EDGE_CURVE('',#1003,#998,#503,.T.);
#1240=EDGE_CURVE('',#1003,#1004,#504,.T.);
#1241=EDGE_CURVE('',#995,#1004,#505,.T.);
#1242=EDGE_CURVE('',#1005,#1000,#506,.T.);
#1243=EDGE_CURVE('',#1006,#1005,#507,.T.);
#1244=EDGE_CURVE('',#1001,#1006,#508,.T.);
#1245=EDGE_CURVE('',#1007,#1002,#509,.T.);
#1246=EDGE_CURVE('',#1008,#1007,#510,.T.);
#1247=EDGE_CURVE('',#999,#1008,#511,.T.);
#1248=EDGE_CURVE('',#1009,#996,#512,.T.);
#1249=EDGE_CURVE('',#1009,#1010,#513,.T.);
#1250=EDGE_CURVE('',#997,#1010,#514,.T.);
#1251=EDGE_CURVE('',#1011,#1012,#515,.T.);
#1252=EDGE_CURVE('',#1013,#1012,#516,.T.);
#1253=EDGE_CURVE('',#1014,#1013,#517,.T.);
#1254=EDGE_CURVE('',#1011,#1014,#518,.T.);
#1255=EDGE_CURVE('',#1009,#1004,#519,.T.);
#1256=EDGE_CURVE('',#1010,#1003,#520,.T.);
#1257=EDGE_CURVE('',#1015,#1014,#521,.T.);
#1258=EDGE_CURVE('',#1015,#1016,#522,.T.);
#1259=EDGE_CURVE('',#1011,#1016,#523,.T.);
#1260=EDGE_CURVE('',#1017,#1012,#524,.T.);
#1261=EDGE_CURVE('',#1017,#1018,#525,.T.);
#1262=EDGE_CURVE('',#1013,#1018,#526,.T.);
#1263=EDGE_CURVE('',#989,#992,#527,.T.);
#1264=EDGE_CURVE('',#990,#991,#528,.T.);
#1265=EDGE_CURVE('',#1017,#1016,#529,.T.);
#1266=EDGE_CURVE('',#1018,#1015,#530,.T.);
#1267=EDGE_CURVE('',#1019,#1019,#55,.T.);
#1268=EDGE_CURVE('',#1019,#1020,#531,.T.);
#1269=EDGE_CURVE('',#1020,#1020,#56,.T.);
#1270=EDGE_CURVE('',#1021,#1021,#57,.T.);
#1271=EDGE_CURVE('',#1021,#1022,#532,.T.);
#1272=EDGE_CURVE('',#1022,#1022,#58,.T.);
#1273=EDGE_CURVE('',#1023,#1023,#59,.T.);
#1274=EDGE_CURVE('',#1023,#1024,#533,.T.);
#1275=EDGE_CURVE('',#1024,#1024,#60,.T.);
#1276=EDGE_CURVE('',#1025,#1025,#61,.T.);
#1277=EDGE_CURVE('',#1025,#1026,#534,.T.);
#1278=EDGE_CURVE('',#1026,#1026,#62,.T.);
#1279=EDGE_CURVE('',#1027,#1028,#535,.T.);
#1280=EDGE_CURVE('',#1027,#1029,#536,.T.);
#1281=EDGE_CURVE('',#1030,#1029,#537,.T.);
#1282=EDGE_CURVE('',#1028,#1030,#538,.T.);
#1283=EDGE_CURVE('',#1031,#1027,#539,.T.);
#1284=EDGE_CURVE('',#1031,#1032,#540,.T.);
#1285=EDGE_CURVE('',#1029,#1032,#541,.T.);
#1286=EDGE_CURVE('',#1033,#1031,#542,.T.);
#1287=EDGE_CURVE('',#1033,#1034,#543,.T.);
#1288=EDGE_CURVE('',#1032,#1034,#544,.T.);
#1289=EDGE_CURVE('',#1028,#1033,#545,.T.);
#1290=EDGE_CURVE('',#1034,#1030,#546,.T.);
#1291=EDGE_CURVE('',#1007,#1035,#63,.T.);
#1292=EDGE_CURVE('',#1035,#1036,#547,.T.);
#1293=EDGE_CURVE('',#1036,#1008,#64,.T.);
#1294=EDGE_CURVE('',#1037,#1035,#548,.T.);
#1295=EDGE_CURVE('',#1038,#1037,#549,.T.);
#1296=EDGE_CURVE('',#1036,#1038,#550,.T.);
#1297=EDGE_CURVE('',#1037,#1006,#65,.T.);
#1298=EDGE_CURVE('',#1005,#1038,#66,.T.);
#1299=EDGE_CURVE('',#987,#1039,#67,.T.);
#1300=EDGE_CURVE('',#1039,#1040,#551,.T.);
#1301=EDGE_CURVE('',#1040,#988,#68,.T.);
#1302=EDGE_CURVE('',#1041,#1039,#552,.T.);
#1303=EDGE_CURVE('',#1042,#1041,#553,.T.);
#1304=EDGE_CURVE('',#1040,#1042,#554,.T.);
#1305=EDGE_CURVE('',#1041,#994,#69,.T.);
#1306=EDGE_CURVE('',#993,#1042,#70,.T.);
#1307=EDGE_CURVE('',#1043,#1044,#71,.T.);
#1308=EDGE_CURVE('',#1044,#1045,#555,.T.);
#1309=EDGE_CURVE('',#1045,#1046,#72,.T.);
#1310=EDGE_CURVE('',#1046,#1043,#556,.T.);
#1311=EDGE_CURVE('',#1047,#1044,#557,.T.);
#1312=EDGE_CURVE('',#1048,#1047,#558,.T.);
#1313=EDGE_CURVE('',#1045,#1048,#559,.T.);
#1314=EDGE_CURVE('',#1049,#1050,#73,.T.);
#1315=EDGE_CURVE('',#1050,#1051,#560,.T.);
#1316=EDGE_CURVE('',#1051,#1052,#74,.T.);
#1317=EDGE_CURVE('',#1052,#1049,#561,.T.);
#1318=EDGE_CURVE('',#1053,#1050,#562,.T.);
#1319=EDGE_CURVE('',#1054,#1053,#563,.T.);
#1320=EDGE_CURVE('',#1051,#1054,#564,.T.);
#1321=EDGE_CURVE('',#1055,#1056,#75,.T.);
#1322=EDGE_CURVE('',#1056,#1057,#565,.T.);
#1323=EDGE_CURVE('',#1057,#1058,#76,.T.);
#1324=EDGE_CURVE('',#1058,#1055,#566,.T.);
#1325=EDGE_CURVE('',#1059,#1056,#567,.T.);
#1326=EDGE_CURVE('',#1060,#1059,#568,.T.);
#1327=EDGE_CURVE('',#1057,#1060,#569,.T.);
#1328=EDGE_CURVE('',#1061,#1062,#77,.T.);
#1329=EDGE_CURVE('',#1062,#1063,#570,.T.);
#1330=EDGE_CURVE('',#1063,#1064,#78,.T.);
#1331=EDGE_CURVE('',#1064,#1061,#571,.T.);
#1332=EDGE_CURVE('',#1065,#1062,#572,.T.);
#1333=EDGE_CURVE('',#1066,#1065,#573,.T.);
#1334=EDGE_CURVE('',#1063,#1066,#574,.T.);
#1335=EDGE_CURVE('',#1067,#1068,#79,.T.);
#1336=EDGE_CURVE('',#1068,#1069,#575,.T.);
#1337=EDGE_CURVE('',#1069,#1070,#80,.T.);
#1338=EDGE_CURVE('',#1070,#1067,#576,.T.);
#1339=EDGE_CURVE('',#1071,#1068,#577,.T.);
#1340=EDGE_CURVE('',#1072,#1071,#578,.T.);
#1341=EDGE_CURVE('',#1069,#1072,#579,.T.);
#1342=EDGE_CURVE('',#1073,#1074,#81,.T.);
#1343=EDGE_CURVE('',#1074,#1075,#580,.T.);
#1344=EDGE_CURVE('',#1075,#1076,#82,.T.);
#1345=EDGE_CURVE('',#1076,#1073,#581,.T.);
#1346=EDGE_CURVE('',#1077,#1074,#582,.T.);
#1347=EDGE_CURVE('',#1078,#1077,#583,.T.);
#1348=EDGE_CURVE('',#1075,#1078,#584,.T.);
#1349=EDGE_CURVE('',#1079,#1080,#83,.T.);
#1350=EDGE_CURVE('',#1080,#1081,#585,.T.);
#1351=EDGE_CURVE('',#1081,#1082,#84,.T.);
#1352=EDGE_CURVE('',#1082,#1079,#586,.T.);
#1353=EDGE_CURVE('',#1083,#1080,#587,.T.);
#1354=EDGE_CURVE('',#1084,#1083,#588,.T.);
#1355=EDGE_CURVE('',#1081,#1084,#589,.T.);
#1356=EDGE_CURVE('',#1085,#1086,#85,.T.);
#1357=EDGE_CURVE('',#1086,#1087,#590,.T.);
#1358=EDGE_CURVE('',#1087,#1088,#86,.T.);
#1359=EDGE_CURVE('',#1088,#1085,#591,.T.);
#1360=EDGE_CURVE('',#1089,#1086,#592,.T.);
#1361=EDGE_CURVE('',#1090,#1089,#593,.T.);
#1362=EDGE_CURVE('',#1087,#1090,#594,.T.);
#1363=EDGE_CURVE('',#1091,#1092,#87,.T.);
#1364=EDGE_CURVE('',#1092,#1093,#595,.T.);
#1365=EDGE_CURVE('',#1093,#1094,#88,.T.);
#1366=EDGE_CURVE('',#1094,#1091,#596,.T.);
#1367=EDGE_CURVE('',#1095,#1092,#597,.T.);
#1368=EDGE_CURVE('',#1096,#1095,#598,.T.);
#1369=EDGE_CURVE('',#1093,#1096,#599,.T.);
#1370=EDGE_CURVE('',#1097,#1098,#89,.T.);
#1371=EDGE_CURVE('',#1098,#1099,#600,.T.);
#1372=EDGE_CURVE('',#1099,#1100,#90,.T.);
#1373=EDGE_CURVE('',#1100,#1097,#601,.T.);
#1374=EDGE_CURVE('',#1099,#1064,#602,.T.);
#1375=EDGE_CURVE('',#1061,#1098,#603,.T.);
#1376=EDGE_CURVE('',#1101,#1102,#91,.T.);
#1377=EDGE_CURVE('',#1102,#1103,#604,.T.);
#1378=EDGE_CURVE('',#1103,#1104,#92,.T.);
#1379=EDGE_CURVE('',#1104,#1101,#605,.T.);
#1380=EDGE_CURVE('',#1103,#1076,#606,.T.);
#1381=EDGE_CURVE('',#1073,#1102,#607,.T.);
#1382=EDGE_CURVE('',#1105,#1106,#93,.T.);
#1383=EDGE_CURVE('',#1106,#1107,#608,.T.);
#1384=EDGE_CURVE('',#1107,#1108,#94,.T.);
#1385=EDGE_CURVE('',#1108,#1105,#609,.T.);
#1386=EDGE_CURVE('',#1107,#1082,#610,.T.);
#1387=EDGE_CURVE('',#1079,#1106,#611,.T.);
#1388=EDGE_CURVE('',#1109,#1110,#95,.T.);
#1389=EDGE_CURVE('',#1110,#1111,#612,.T.);
#1390=EDGE_CURVE('',#1111,#1112,#96,.T.);
#1391=EDGE_CURVE('',#1112,#1109,#613,.T.);
#1392=EDGE_CURVE('',#1111,#1052,#614,.T.);
#1393=EDGE_CURVE('',#1049,#1110,#615,.T.);
#1394=EDGE_CURVE('',#1113,#1114,#97,.T.);
#1395=EDGE_CURVE('',#1114,#1115,#616,.T.);
#1396=EDGE_CURVE('',#1115,#1116,#98,.T.);
#1397=EDGE_CURVE('',#1116,#1113,#617,.T.);
#1398=EDGE_CURVE('',#1115,#1046,#618,.T.);
#1399=EDGE_CURVE('',#1043,#1114,#619,.T.);
#1400=EDGE_CURVE('',#1117,#1118,#99,.T.);
#1401=EDGE_CURVE('',#1118,#1119,#620,.T.);
#1402=EDGE_CURVE('',#1119,#1120,#100,.T.);
#1403=EDGE_CURVE('',#1120,#1117,#621,.T.);
#1404=EDGE_CURVE('',#1119,#1058,#622,.T.);
#1405=EDGE_CURVE('',#1055,#1118,#623,.T.);
#1406=EDGE_CURVE('',#1121,#1122,#101,.T.);
#1407=EDGE_CURVE('',#1122,#1123,#624,.T.);
#1408=EDGE_CURVE('',#1123,#1124,#102,.T.);
#1409=EDGE_CURVE('',#1124,#1121,#625,.T.);
#1410=EDGE_CURVE('',#1123,#1070,#626,.T.);
#1411=EDGE_CURVE('',#1067,#1122,#627,.T.);
#1412=EDGE_CURVE('',#1125,#1126,#103,.T.);
#1413=EDGE_CURVE('',#1126,#1127,#628,.T.);
#1414=EDGE_CURVE('',#1127,#1128,#104,.T.);
#1415=EDGE_CURVE('',#1128,#1125,#629,.T.);
#1416=EDGE_CURVE('',#1127,#1088,#630,.T.);
#1417=EDGE_CURVE('',#1085,#1126,#631,.T.);
#1418=EDGE_CURVE('',#1129,#1130,#105,.T.);
#1419=EDGE_CURVE('',#1130,#1131,#632,.T.);
#1420=EDGE_CURVE('',#1131,#1132,#106,.T.);
#1421=EDGE_CURVE('',#1132,#1129,#633,.T.);
#1422=EDGE_CURVE('',#1131,#1094,#634,.T.);
#1423=EDGE_CURVE('',#1091,#1130,#635,.T.);
#1424=EDGE_CURVE('',#1133,#1134,#107,.T.);
#1425=EDGE_CURVE('',#1134,#1135,#636,.T.);
#1426=EDGE_CURVE('',#1135,#1136,#108,.T.);
#1427=EDGE_CURVE('',#1136,#1133,#637,.T.);
#1428=EDGE_CURVE('',#1135,#1132,#638,.T.);
#1429=EDGE_CURVE('',#1129,#1134,#639,.T.);
#1430=EDGE_CURVE('',#1137,#1138,#109,.T.);
#1431=EDGE_CURVE('',#1138,#1139,#640,.T.);
#1432=EDGE_CURVE('',#1139,#1140,#110,.T.);
#1433=EDGE_CURVE('',#1140,#1137,#641,.T.);
#1434=EDGE_CURVE('',#1139,#1112,#642,.T.);
#1435=EDGE_CURVE('',#1109,#1138,#643,.T.);
#1436=EDGE_CURVE('',#1141,#1142,#111,.T.);
#1437=EDGE_CURVE('',#1142,#1143,#644,.T.);
#1438=EDGE_CURVE('',#1143,#1144,#112,.T.);
#1439=EDGE_CURVE('',#1144,#1141,#645,.T.);
#1440=EDGE_CURVE('',#1143,#1116,#646,.T.);
#1441=EDGE_CURVE('',#1113,#1142,#647,.T.);
#1442=EDGE_CURVE('',#1145,#1146,#113,.T.);
#1443=EDGE_CURVE('',#1146,#1147,#648,.T.);
#1444=EDGE_CURVE('',#1147,#1148,#114,.T.);
#1445=EDGE_CURVE('',#1148,#1145,#649,.T.);
#1446=EDGE_CURVE('',#1147,#1120,#650,.T.);
#1447=EDGE_CURVE('',#1117,#1146,#651,.T.);
#1448=EDGE_CURVE('',#1149,#1150,#115,.T.);
#1449=EDGE_CURVE('',#1150,#1151,#652,.T.);
#1450=EDGE_CURVE('',#1151,#1152,#116,.T.);
#1451=EDGE_CURVE('',#1152,#1149,#653,.T.);
#1452=EDGE_CURVE('',#1151,#1124,#654,.T.);
#1453=EDGE_CURVE('',#1121,#1150,#655,.T.);
#1454=EDGE_CURVE('',#1153,#1154,#117,.T.);
#1455=EDGE_CURVE('',#1154,#1155,#656,.T.);
#1456=EDGE_CURVE('',#1155,#1156,#118,.T.);
#1457=EDGE_CURVE('',#1156,#1153,#657,.T.);
#1458=EDGE_CURVE('',#1155,#1128,#658,.T.);
#1459=EDGE_CURVE('',#1125,#1154,#659,.T.);
#1460=EDGE_CURVE('',#1157,#1158,#119,.T.);
#1461=EDGE_CURVE('',#1158,#1159,#660,.T.);
#1462=EDGE_CURVE('',#1159,#1160,#120,.T.);
#1463=EDGE_CURVE('',#1160,#1157,#661,.T.);
#1464=EDGE_CURVE('',#1159,#1108,#662,.T.);
#1465=EDGE_CURVE('',#1105,#1158,#663,.T.);
#1466=EDGE_CURVE('',#1161,#1162,#121,.T.);
#1467=EDGE_CURVE('',#1162,#1163,#664,.T.);
#1468=EDGE_CURVE('',#1163,#1164,#122,.T.);
#1469=EDGE_CURVE('',#1164,#1161,#665,.T.);
#1470=EDGE_CURVE('',#1163,#1104,#666,.T.);
#1471=EDGE_CURVE('',#1101,#1162,#667,.T.);
#1472=EDGE_CURVE('',#1165,#1166,#123,.T.);
#1473=EDGE_CURVE('',#1166,#1167,#668,.T.);
#1474=EDGE_CURVE('',#1167,#1168,#124,.T.);
#1475=EDGE_CURVE('',#1168,#1165,#669,.T.);
#1476=EDGE_CURVE('',#1167,#1100,#670,.T.);
#1477=EDGE_CURVE('',#1097,#1166,#671,.T.);
#1478=EDGE_CURVE('',#1095,#1169,#125,.T.);
#1479=EDGE_CURVE('',#1169,#1170,#672,.T.);
#1480=EDGE_CURVE('',#1170,#1096,#126,.T.);
#1481=EDGE_CURVE('',#1170,#1136,#673,.T.);
#1482=EDGE_CURVE('',#1133,#1169,#674,.T.);
#1483=EDGE_CURVE('',#1053,#1171,#127,.T.);
#1484=EDGE_CURVE('',#1171,#1172,#675,.T.);
#1485=EDGE_CURVE('',#1172,#1054,#128,.T.);
#1486=EDGE_CURVE('',#1172,#1140,#676,.T.);
#1487=EDGE_CURVE('',#1137,#1171,#677,.T.);
#1488=EDGE_CURVE('',#1047,#1173,#129,.T.);
#1489=EDGE_CURVE('',#1173,#1174,#678,.T.);
#1490=EDGE_CURVE('',#1174,#1048,#130,.T.);
#1491=EDGE_CURVE('',#1174,#1144,#679,.T.);
#1492=EDGE_CURVE('',#1141,#1173,#680,.T.);
#1493=EDGE_CURVE('',#1089,#1175,#131,.T.);
#1494=EDGE_CURVE('',#1175,#1176,#681,.T.);
#1495=EDGE_CURVE('',#1176,#1090,#132,.T.);
#1496=EDGE_CURVE('',#1176,#1156,#682,.T.);
#1497=EDGE_CURVE('',#1153,#1175,#683,.T.);
#1498=EDGE_CURVE('',#1071,#1177,#133,.T.);
#1499=EDGE_CURVE('',#1177,#1178,#684,.T.);
#1500=EDGE_CURVE('',#1178,#1072,#134,.T.);
#1501=EDGE_CURVE('',#1178,#1152,#685,.T.);
#1502=EDGE_CURVE('',#1149,#1177,#686,.T.);
#1503=EDGE_CURVE('',#1059,#1179,#135,.T.);
#1504=EDGE_CURVE('',#1179,#1180,#687,.T.);
#1505=EDGE_CURVE('',#1180,#1060,#136,.T.);
#1506=EDGE_CURVE('',#1180,#1148,#688,.T.);
#1507=EDGE_CURVE('',#1145,#1179,#689,.T.);
#1508=EDGE_CURVE('',#1065,#1181,#137,.T.);
#1509=EDGE_CURVE('',#1181,#1182,#690,.T.);
#1510=EDGE_CURVE('',#1182,#1066,#138,.T.);
#1511=EDGE_CURVE('',#1182,#1168,#691,.T.);
#1512=EDGE_CURVE('',#1165,#1181,#692,.T.);
#1513=EDGE_CURVE('',#1077,#1183,#139,.T.);
#1514=EDGE_CURVE('',#1183,#1184,#693,.T.);
#1515=EDGE_CURVE('',#1184,#1078,#140,.T.);
#1516=EDGE_CURVE('',#1184,#1164,#694,.T.);
#1517=EDGE_CURVE('',#1161,#1183,#695,.T.);
#1518=EDGE_CURVE('',#1083,#1185,#141,.T.);
#1519=EDGE_CURVE('',#1185,#1186,#696,.T.);
#1520=EDGE_CURVE('',#1186,#1084,#142,.T.);
#1521=EDGE_CURVE('',#1186,#1160,#697,.T.);
#1522=EDGE_CURVE('',#1157,#1185,#698,.T.);
#1523=EDGE_CURVE('',#1187,#1188,#143,.T.);
#1524=EDGE_CURVE('',#1188,#1189,#699,.T.);
#1525=EDGE_CURVE('',#1189,#1190,#144,.T.);
#1526=EDGE_CURVE('',#1190,#1187,#700,.T.);
#1527=EDGE_CURVE('',#1191,#1190,#701,.T.);
#1528=EDGE_CURVE('',#1192,#1191,#702,.T.);
#1529=EDGE_CURVE('',#1187,#1192,#703,.T.);
#1530=EDGE_CURVE('',#1189,#1193,#704,.T.);
#1531=EDGE_CURVE('',#1194,#1193,#145,.T.);
#1532=EDGE_CURVE('',#1194,#1195,#705,.T.);
#1533=EDGE_CURVE('',#1196,#1195,#146,.T.);
#1534=EDGE_CURVE('',#1196,#1197,#706,.T.);
#1535=EDGE_CURVE('',#1191,#1197,#147,.T.);
#1536=EDGE_CURVE('',#1198,#1199,#707,.T.);
#1537=EDGE_CURVE('',#1199,#1200,#708,.T.);
#1538=EDGE_CURVE('',#1200,#1201,#709,.T.);
#1539=EDGE_CURVE('',#1201,#1198,#710,.T.);
#1540=EDGE_CURVE('',#1202,#1192,#148,.T.);
#1541=EDGE_CURVE('',#1197,#1202,#711,.T.);
#1542=EDGE_CURVE('',#1203,#1196,#712,.T.);
#1543=EDGE_CURVE('',#1202,#1203,#713,.T.);
#1544=EDGE_CURVE('',#1204,#1203,#149,.T.);
#1545=EDGE_CURVE('',#1195,#1204,#714,.T.);
#1546=EDGE_CURVE('',#1205,#1194,#715,.T.);
#1547=EDGE_CURVE('',#1204,#1205,#716,.T.);
#1548=EDGE_CURVE('',#1206,#1205,#150,.T.);
#1549=EDGE_CURVE('',#1193,#1206,#717,.T.);
#1550=EDGE_CURVE('',#1207,#1208,#718,.T.);
#1551=EDGE_CURVE('',#1207,#1199,#719,.T.);
#1552=EDGE_CURVE('',#1208,#1198,#720,.T.);
#1553=EDGE_CURVE('',#1209,#1207,#721,.T.);
#1554=EDGE_CURVE('',#1209,#1200,#722,.T.);
#1555=EDGE_CURVE('',#1210,#1209,#723,.T.);
#1556=EDGE_CURVE('',#1210,#1201,#724,.T.);
#1557=EDGE_CURVE('',#1208,#1210,#725,.T.);
#1558=EDGE_CURVE('',#1206,#1188,#726,.T.);
#1559=ORIENTED_EDGE('',*,*,#1211,.T.);
#1560=ORIENTED_EDGE('',*,*,#1212,.F.);
#1561=ORIENTED_EDGE('',*,*,#1213,.F.);
#1562=ORIENTED_EDGE('',*,*,#1214,.F.);
#1563=ORIENTED_EDGE('',*,*,#1215,.T.);
#1564=ORIENTED_EDGE('',*,*,#1216,.F.);
#1565=ORIENTED_EDGE('',*,*,#1217,.F.);
#1566=ORIENTED_EDGE('',*,*,#1218,.F.);
#1567=ORIENTED_EDGE('',*,*,#1214,.T.);
#1568=ORIENTED_EDGE('',*,*,#1219,.F.);
#1569=ORIENTED_EDGE('',*,*,#1220,.F.);
#1570=ORIENTED_EDGE('',*,*,#1221,.F.);
#1571=ORIENTED_EDGE('',*,*,#1216,.T.);
#1572=ORIENTED_EDGE('',*,*,#1222,.F.);
#1573=ORIENTED_EDGE('',*,*,#1223,.T.);
#1574=ORIENTED_EDGE('',*,*,#1224,.F.);
#1575=ORIENTED_EDGE('',*,*,#1218,.T.);
#1576=ORIENTED_EDGE('',*,*,#1225,.F.);
#1577=ORIENTED_EDGE('',*,*,#1226,.T.);
#1578=ORIENTED_EDGE('',*,*,#1227,.F.);
#1579=ORIENTED_EDGE('',*,*,#1212,.T.);
#1580=ORIENTED_EDGE('',*,*,#1228,.F.);
#1581=ORIENTED_EDGE('',*,*,#1229,.F.);
#1582=ORIENTED_EDGE('',*,*,#1230,.F.);
#1583=ORIENTED_EDGE('',*,*,#1231,.T.);
#1584=ORIENTED_EDGE('',*,*,#1232,.F.);
#1585=ORIENTED_EDGE('',*,*,#1233,.F.);
#1586=ORIENTED_EDGE('',*,*,#1234,.F.);
#1587=ORIENTED_EDGE('',*,*,#1235,.T.);
#1588=ORIENTED_EDGE('',*,*,#1236,.F.);
#1589=ORIENTED_EDGE('',*,*,#1237,.F.);
#1590=ORIENTED_EDGE('',*,*,#1238,.F.);
#1591=ORIENTED_EDGE('',*,*,#1234,.T.);
#1592=ORIENTED_EDGE('',*,*,#1239,.F.);
#1593=ORIENTED_EDGE('',*,*,#1240,.T.);
#1594=ORIENTED_EDGE('',*,*,#1241,.F.);
#1595=ORIENTED_EDGE('',*,*,#1236,.T.);
#1596=ORIENTED_EDGE('',*,*,#1242,.F.);
#1597=ORIENTED_EDGE('',*,*,#1243,.F.);
#1598=ORIENTED_EDGE('',*,*,#1244,.F.);
#1599=ORIENTED_EDGE('',*,*,#1238,.T.);
#1600=ORIENTED_EDGE('',*,*,#1245,.F.);
#1601=ORIENTED_EDGE('',*,*,#1246,.F.);
#1602=ORIENTED_EDGE('',*,*,#1247,.F.);
#1603=ORIENTED_EDGE('',*,*,#1232,.T.);
#1604=ORIENTED_EDGE('',*,*,#1248,.F.);
#1605=ORIENTED_EDGE('',*,*,#1249,.T.);
#1606=ORIENTED_EDGE('',*,*,#1250,.F.);
#1607=ORIENTED_EDGE('',*,*,#1251,.T.);
#1608=ORIENTED_EDGE('',*,*,#1252,.F.);
#1609=ORIENTED_EDGE('',*,*,#1253,.F.);
#1610=ORIENTED_EDGE('',*,*,#1254,.F.);
#1611=ORIENTED_EDGE('',*,*,#1255,.T.);
#1612=ORIENTED_EDGE('',*,*,#1240,.F.);
#1613=ORIENTED_EDGE('',*,*,#1256,.F.);
#1614=ORIENTED_EDGE('',*,*,#1249,.F.);
#1615=ORIENTED_EDGE('',*,*,#1254,.T.);
#1616=ORIENTED_EDGE('',*,*,#1257,.F.);
#1617=ORIENTED_EDGE('',*,*,#1258,.T.);
#1618=ORIENTED_EDGE('',*,*,#1259,.F.);
#1619=ORIENTED_EDGE('',*,*,#1252,.T.);
#1620=ORIENTED_EDGE('',*,*,#1260,.F.);
#1621=ORIENTED_EDGE('',*,*,#1261,.T.);
#1622=ORIENTED_EDGE('',*,*,#1262,.F.);
#1623=ORIENTED_EDGE('',*,*,#1263,.T.);
#1624=ORIENTED_EDGE('',*,*,#1226,.F.);
#1625=ORIENTED_EDGE('',*,*,#1264,.F.);
#1626=ORIENTED_EDGE('',*,*,#1223,.F.);
#1627=ORIENTED_EDGE('',*,*,#1265,.T.);
#1628=ORIENTED_EDGE('',*,*,#1258,.F.);
#1629=ORIENTED_EDGE('',*,*,#1266,.F.);
#1630=ORIENTED_EDGE('',*,*,#1261,.F.);
#1631=ORIENTED_EDGE('',*,*,#1267,.F.);
#1632=ORIENTED_EDGE('',*,*,#1268,.T.);
#1633=ORIENTED_EDGE('',*,*,#1269,.F.);
#1634=ORIENTED_EDGE('',*,*,#1268,.F.);
#1635=ORIENTED_EDGE('',*,*,#1270,.F.);
#1636=ORIENTED_EDGE('',*,*,#1271,.T.);
#1637=ORIENTED_EDGE('',*,*,#1272,.F.);
#1638=ORIENTED_EDGE('',*,*,#1271,.F.);
#1639=ORIENTED_EDGE('',*,*,#1273,.F.);
#1640=ORIENTED_EDGE('',*,*,#1274,.T.);
#1641=ORIENTED_EDGE('',*,*,#1275,.F.);
#1642=ORIENTED_EDGE('',*,*,#1274,.F.);
#1643=ORIENTED_EDGE('',*,*,#1276,.F.);
#1644=ORIENTED_EDGE('',*,*,#1277,.T.);
#1645=ORIENTED_EDGE('',*,*,#1278,.F.);
#1646=ORIENTED_EDGE('',*,*,#1277,.F.);
#1647=ORIENTED_EDGE('',*,*,#1279,.F.);
#1648=ORIENTED_EDGE('',*,*,#1280,.T.);
#1649=ORIENTED_EDGE('',*,*,#1281,.F.);
#1650=ORIENTED_EDGE('',*,*,#1282,.F.);
#1651=ORIENTED_EDGE('',*,*,#1283,.F.);
#1652=ORIENTED_EDGE('',*,*,#1284,.T.);
#1653=ORIENTED_EDGE('',*,*,#1285,.F.);
#1654=ORIENTED_EDGE('',*,*,#1280,.F.);
#1655=ORIENTED_EDGE('',*,*,#1286,.F.);
#1656=ORIENTED_EDGE('',*,*,#1287,.T.);
#1657=ORIENTED_EDGE('',*,*,#1288,.F.);
#1658=ORIENTED_EDGE('',*,*,#1284,.F.);
#1659=ORIENTED_EDGE('',*,*,#1289,.F.);
#1660=ORIENTED_EDGE('',*,*,#1282,.T.);
#1661=ORIENTED_EDGE('',*,*,#1290,.F.);
#1662=ORIENTED_EDGE('',*,*,#1287,.F.);
#1663=ORIENTED_EDGE('',*,*,#1291,.T.);
#1664=ORIENTED_EDGE('',*,*,#1292,.T.);
#1665=ORIENTED_EDGE('',*,*,#1293,.T.);
#1666=ORIENTED_EDGE('',*,*,#1246,.T.);
#1667=ORIENTED_EDGE('',*,*,#1292,.F.);
#1668=ORIENTED_EDGE('',*,*,#1294,.F.);
#1669=ORIENTED_EDGE('',*,*,#1295,.F.);
#1670=ORIENTED_EDGE('',*,*,#1296,.F.);
#1671=ORIENTED_EDGE('',*,*,#1297,.T.);
#1672=ORIENTED_EDGE('',*,*,#1243,.T.);
#1673=ORIENTED_EDGE('',*,*,#1298,.T.);
#1674=ORIENTED_EDGE('',*,*,#1295,.T.);
#1675=ORIENTED_EDGE('',*,*,#1299,.T.);
#1676=ORIENTED_EDGE('',*,*,#1300,.T.);
#1677=ORIENTED_EDGE('',*,*,#1301,.T.);
#1678=ORIENTED_EDGE('',*,*,#1220,.T.);
#1679=ORIENTED_EDGE('',*,*,#1300,.F.);
#1680=ORIENTED_EDGE('',*,*,#1302,.F.);
#1681=ORIENTED_EDGE('',*,*,#1303,.F.);
#1682=ORIENTED_EDGE('',*,*,#1304,.F.);
#1683=ORIENTED_EDGE('',*,*,#1305,.T.);
#1684=ORIENTED_EDGE('',*,*,#1229,.T.);
#1685=ORIENTED_EDGE('',*,*,#1306,.T.);
#1686=ORIENTED_EDGE('',*,*,#1303,.T.);
#1687=ORIENTED_EDGE('',*,*,#1307,.T.);
#1688=ORIENTED_EDGE('',*,*,#1308,.T.);
#1689=ORIENTED_EDGE('',*,*,#1309,.T.);
#1690=ORIENTED_EDGE('',*,*,#1310,.T.);
#1691=ORIENTED_EDGE('',*,*,#1308,.F.);
#1692=ORIENTED_EDGE('',*,*,#1311,.F.);
#1693=ORIENTED_EDGE('',*,*,#1312,.F.);
#1694=ORIENTED_EDGE('',*,*,#1313,.F.);
#1695=ORIENTED_EDGE('',*,*,#1314,.T.);
#1696=ORIENTED_EDGE('',*,*,#1315,.T.);
#1697=ORIENTED_EDGE('',*,*,#1316,.T.);
#1698=ORIENTED_EDGE('',*,*,#1317,.T.);
#1699=ORIENTED_EDGE('',*,*,#1315,.F.);
#1700=ORIENTED_EDGE('',*,*,#1318,.F.);
#1701=ORIENTED_EDGE('',*,*,#1319,.F.);
#1702=ORIENTED_EDGE('',*,*,#1320,.F.);
#1703=ORIENTED_EDGE('',*,*,#1321,.T.);
#1704=ORIENTED_EDGE('',*,*,#1322,.T.);
#1705=ORIENTED_EDGE('',*,*,#1323,.T.);
#1706=ORIENTED_EDGE('',*,*,#1324,.T.);
#1707=ORIENTED_EDGE('',*,*,#1322,.F.);
#1708=ORIENTED_EDGE('',*,*,#1325,.F.);
#1709=ORIENTED_EDGE('',*,*,#1326,.F.);
#1710=ORIENTED_EDGE('',*,*,#1327,.F.);
#1711=ORIENTED_EDGE('',*,*,#1328,.T.);
#1712=ORIENTED_EDGE('',*,*,#1329,.T.);
#1713=ORIENTED_EDGE('',*,*,#1330,.T.);
#1714=ORIENTED_EDGE('',*,*,#1331,.T.);
#1715=ORIENTED_EDGE('',*,*,#1329,.F.);
#1716=ORIENTED_EDGE('',*,*,#1332,.F.);
#1717=ORIENTED_EDGE('',*,*,#1333,.F.);
#1718=ORIENTED_EDGE('',*,*,#1334,.F.);
#1719=ORIENTED_EDGE('',*,*,#1335,.T.);
#1720=ORIENTED_EDGE('',*,*,#1336,.T.);
#1721=ORIENTED_EDGE('',*,*,#1337,.T.);
#1722=ORIENTED_EDGE('',*,*,#1338,.T.);
#1723=ORIENTED_EDGE('',*,*,#1336,.F.);
#1724=ORIENTED_EDGE('',*,*,#1339,.F.);
#1725=ORIENTED_EDGE('',*,*,#1340,.F.);
#1726=ORIENTED_EDGE('',*,*,#1341,.F.);
#1727=ORIENTED_EDGE('',*,*,#1342,.T.);
#1728=ORIENTED_EDGE('',*,*,#1343,.T.);
#1729=ORIENTED_EDGE('',*,*,#1344,.T.);
#1730=ORIENTED_EDGE('',*,*,#1345,.T.);
#1731=ORIENTED_EDGE('',*,*,#1343,.F.);
#1732=ORIENTED_EDGE('',*,*,#1346,.F.);
#1733=ORIENTED_EDGE('',*,*,#1347,.F.);
#1734=ORIENTED_EDGE('',*,*,#1348,.F.);
#1735=ORIENTED_EDGE('',*,*,#1349,.T.);
#1736=ORIENTED_EDGE('',*,*,#1350,.T.);
#1737=ORIENTED_EDGE('',*,*,#1351,.T.);
#1738=ORIENTED_EDGE('',*,*,#1352,.T.);
#1739=ORIENTED_EDGE('',*,*,#1350,.F.);
#1740=ORIENTED_EDGE('',*,*,#1353,.F.);
#1741=ORIENTED_EDGE('',*,*,#1354,.F.);
#1742=ORIENTED_EDGE('',*,*,#1355,.F.);
#1743=ORIENTED_EDGE('',*,*,#1356,.T.);
#1744=ORIENTED_EDGE('',*,*,#1357,.T.);
#1745=ORIENTED_EDGE('',*,*,#1358,.T.);
#1746=ORIENTED_EDGE('',*,*,#1359,.T.);
#1747=ORIENTED_EDGE('',*,*,#1357,.F.);
#1748=ORIENTED_EDGE('',*,*,#1360,.F.);
#1749=ORIENTED_EDGE('',*,*,#1361,.F.);
#1750=ORIENTED_EDGE('',*,*,#1362,.F.);
#1751=ORIENTED_EDGE('',*,*,#1363,.T.);
#1752=ORIENTED_EDGE('',*,*,#1364,.T.);
#1753=ORIENTED_EDGE('',*,*,#1365,.T.);
#1754=ORIENTED_EDGE('',*,*,#1366,.T.);
#1755=ORIENTED_EDGE('',*,*,#1364,.F.);
#1756=ORIENTED_EDGE('',*,*,#1367,.F.);
#1757=ORIENTED_EDGE('',*,*,#1368,.F.);
#1758=ORIENTED_EDGE('',*,*,#1369,.F.);
#1759=ORIENTED_EDGE('',*,*,#1370,.T.);
#1760=ORIENTED_EDGE('',*,*,#1371,.T.);
#1761=ORIENTED_EDGE('',*,*,#1372,.T.);
#1762=ORIENTED_EDGE('',*,*,#1373,.T.);
#1763=ORIENTED_EDGE('',*,*,#1331,.F.);
#1764=ORIENTED_EDGE('',*,*,#1374,.F.);
#1765=ORIENTED_EDGE('',*,*,#1371,.F.);
#1766=ORIENTED_EDGE('',*,*,#1375,.F.);
#1767=ORIENTED_EDGE('',*,*,#1376,.T.);
#1768=ORIENTED_EDGE('',*,*,#1377,.T.);
#1769=ORIENTED_EDGE('',*,*,#1378,.T.);
#1770=ORIENTED_EDGE('',*,*,#1379,.T.);
#1771=ORIENTED_EDGE('',*,*,#1345,.F.);
#1772=ORIENTED_EDGE('',*,*,#1380,.F.);
#1773=ORIENTED_EDGE('',*,*,#1377,.F.);
#1774=ORIENTED_EDGE('',*,*,#1381,.F.);
#1775=ORIENTED_EDGE('',*,*,#1382,.T.);
#1776=ORIENTED_EDGE('',*,*,#1383,.T.);
#1777=ORIENTED_EDGE('',*,*,#1384,.T.);
#1778=ORIENTED_EDGE('',*,*,#1385,.T.);
#1779=ORIENTED_EDGE('',*,*,#1352,.F.);
#1780=ORIENTED_EDGE('',*,*,#1386,.F.);
#1781=ORIENTED_EDGE('',*,*,#1383,.F.);
#1782=ORIENTED_EDGE('',*,*,#1387,.F.);
#1783=ORIENTED_EDGE('',*,*,#1388,.T.);
#1784=ORIENTED_EDGE('',*,*,#1389,.T.);
#1785=ORIENTED_EDGE('',*,*,#1390,.T.);
#1786=ORIENTED_EDGE('',*,*,#1391,.T.);
#1787=ORIENTED_EDGE('',*,*,#1317,.F.);
#1788=ORIENTED_EDGE('',*,*,#1392,.F.);
#1789=ORIENTED_EDGE('',*,*,#1389,.F.);
#1790=ORIENTED_EDGE('',*,*,#1393,.F.);
#1791=ORIENTED_EDGE('',*,*,#1394,.T.);
#1792=ORIENTED_EDGE('',*,*,#1395,.T.);
#1793=ORIENTED_EDGE('',*,*,#1396,.T.);
#1794=ORIENTED_EDGE('',*,*,#1397,.T.);
#1795=ORIENTED_EDGE('',*,*,#1310,.F.);
#1796=ORIENTED_EDGE('',*,*,#1398,.F.);
#1797=ORIENTED_EDGE('',*,*,#1395,.F.);
#1798=ORIENTED_EDGE('',*,*,#1399,.F.);
#1799=ORIENTED_EDGE('',*,*,#1400,.T.);
#1800=ORIENTED_EDGE('',*,*,#1401,.T.);
#1801=ORIENTED_EDGE('',*,*,#1402,.T.);
#1802=ORIENTED_EDGE('',*,*,#1403,.T.);
#1803=ORIENTED_EDGE('',*,*,#1324,.F.);
#1804=ORIENTED_EDGE('',*,*,#1404,.F.);
#1805=ORIENTED_EDGE('',*,*,#1401,.F.);
#1806=ORIENTED_EDGE('',*,*,#1405,.F.);
#1807=ORIENTED_EDGE('',*,*,#1406,.T.);
#1808=ORIENTED_EDGE('',*,*,#1407,.T.);
#1809=ORIENTED_EDGE('',*,*,#1408,.T.);
#1810=ORIENTED_EDGE('',*,*,#1409,.T.);
#1811=ORIENTED_EDGE('',*,*,#1338,.F.);
#1812=ORIENTED_EDGE('',*,*,#1410,.F.);
#1813=ORIENTED_EDGE('',*,*,#1407,.F.);
#1814=ORIENTED_EDGE('',*,*,#1411,.F.);
#1815=ORIENTED_EDGE('',*,*,#1412,.T.);
#1816=ORIENTED_EDGE('',*,*,#1413,.T.);
#1817=ORIENTED_EDGE('',*,*,#1414,.T.);
#1818=ORIENTED_EDGE('',*,*,#1415,.T.);
#1819=ORIENTED_EDGE('',*,*,#1359,.F.);
#1820=ORIENTED_EDGE('',*,*,#1416,.F.);
#1821=ORIENTED_EDGE('',*,*,#1413,.F.);
#1822=ORIENTED_EDGE('',*,*,#1417,.F.);
#1823=ORIENTED_EDGE('',*,*,#1418,.T.);
#1824=ORIENTED_EDGE('',*,*,#1419,.T.);
#1825=ORIENTED_EDGE('',*,*,#1420,.T.);
#1826=ORIENTED_EDGE('',*,*,#1421,.T.);
#1827=ORIENTED_EDGE('',*,*,#1366,.F.);
#1828=ORIENTED_EDGE('',*,*,#1422,.F.);
#1829=ORIENTED_EDGE('',*,*,#1419,.F.);
#1830=ORIENTED_EDGE('',*,*,#1423,.F.);
#1831=ORIENTED_EDGE('',*,*,#1424,.T.);
#1832=ORIENTED_EDGE('',*,*,#1425,.T.);
#1833=ORIENTED_EDGE('',*,*,#1426,.T.);
#1834=ORIENTED_EDGE('',*,*,#1427,.T.);
#1835=ORIENTED_EDGE('',*,*,#1421,.F.);
#1836=ORIENTED_EDGE('',*,*,#1428,.F.);
#1837=ORIENTED_EDGE('',*,*,#1425,.F.);
#1838=ORIENTED_EDGE('',*,*,#1429,.F.);
#1839=ORIENTED_EDGE('',*,*,#1430,.T.);
#1840=ORIENTED_EDGE('',*,*,#1431,.T.);
#1841=ORIENTED_EDGE('',*,*,#1432,.T.);
#1842=ORIENTED_EDGE('',*,*,#1433,.T.);
#1843=ORIENTED_EDGE('',*,*,#1391,.F.);
#1844=ORIENTED_EDGE('',*,*,#1434,.F.);
#1845=ORIENTED_EDGE('',*,*,#1431,.F.);
#1846=ORIENTED_EDGE('',*,*,#1435,.F.);
#1847=ORIENTED_EDGE('',*,*,#1436,.T.);
#1848=ORIENTED_EDGE('',*,*,#1437,.T.);
#1849=ORIENTED_EDGE('',*,*,#1438,.T.);
#1850=ORIENTED_EDGE('',*,*,#1439,.T.);
#1851=ORIENTED_EDGE('',*,*,#1397,.F.);
#1852=ORIENTED_EDGE('',*,*,#1440,.F.);
#1853=ORIENTED_EDGE('',*,*,#1437,.F.);
#1854=ORIENTED_EDGE('',*,*,#1441,.F.);
#1855=ORIENTED_EDGE('',*,*,#1442,.T.);
#1856=ORIENTED_EDGE('',*,*,#1443,.T.);
#1857=ORIENTED_EDGE('',*,*,#1444,.T.);
#1858=ORIENTED_EDGE('',*,*,#1445,.T.);
#1859=ORIENTED_EDGE('',*,*,#1403,.F.);
#1860=ORIENTED_EDGE('',*,*,#1446,.F.);
#1861=ORIENTED_EDGE('',*,*,#1443,.F.);
#1862=ORIENTED_EDGE('',*,*,#1447,.F.);
#1863=ORIENTED_EDGE('',*,*,#1448,.T.);
#1864=ORIENTED_EDGE('',*,*,#1449,.T.);
#1865=ORIENTED_EDGE('',*,*,#1450,.T.);
#1866=ORIENTED_EDGE('',*,*,#1451,.T.);
#1867=ORIENTED_EDGE('',*,*,#1409,.F.);
#1868=ORIENTED_EDGE('',*,*,#1452,.F.);
#1869=ORIENTED_EDGE('',*,*,#1449,.F.);
#1870=ORIENTED_EDGE('',*,*,#1453,.F.);
#1871=ORIENTED_EDGE('',*,*,#1454,.T.);
#1872=ORIENTED_EDGE('',*,*,#1455,.T.);
#1873=ORIENTED_EDGE('',*,*,#1456,.T.);
#1874=ORIENTED_EDGE('',*,*,#1457,.T.);
#1875=ORIENTED_EDGE('',*,*,#1415,.F.);
#1876=ORIENTED_EDGE('',*,*,#1458,.F.);
#1877=ORIENTED_EDGE('',*,*,#1455,.F.);
#1878=ORIENTED_EDGE('',*,*,#1459,.F.);
#1879=ORIENTED_EDGE('',*,*,#1460,.T.);
#1880=ORIENTED_EDGE('',*,*,#1461,.T.);
#1881=ORIENTED_EDGE('',*,*,#1462,.T.);
#1882=ORIENTED_EDGE('',*,*,#1463,.T.);
#1883=ORIENTED_EDGE('',*,*,#1385,.F.);
#1884=ORIENTED_EDGE('',*,*,#1464,.F.);
#1885=ORIENTED_EDGE('',*,*,#1461,.F.);
#1886=ORIENTED_EDGE('',*,*,#1465,.F.);
#1887=ORIENTED_EDGE('',*,*,#1466,.T.);
#1888=ORIENTED_EDGE('',*,*,#1467,.T.);
#1889=ORIENTED_EDGE('',*,*,#1468,.T.);
#1890=ORIENTED_EDGE('',*,*,#1469,.T.);
#1891=ORIENTED_EDGE('',*,*,#1379,.F.);
#1892=ORIENTED_EDGE('',*,*,#1470,.F.);
#1893=ORIENTED_EDGE('',*,*,#1467,.F.);
#1894=ORIENTED_EDGE('',*,*,#1471,.F.);
#1895=ORIENTED_EDGE('',*,*,#1472,.T.);
#1896=ORIENTED_EDGE('',*,*,#1473,.T.);
#1897=ORIENTED_EDGE('',*,*,#1474,.T.);
#1898=ORIENTED_EDGE('',*,*,#1475,.T.);
#1899=ORIENTED_EDGE('',*,*,#1373,.F.);
#1900=ORIENTED_EDGE('',*,*,#1476,.F.);
#1901=ORIENTED_EDGE('',*,*,#1473,.F.);
#1902=ORIENTED_EDGE('',*,*,#1477,.F.);
#1903=ORIENTED_EDGE('',*,*,#1478,.T.);
#1904=ORIENTED_EDGE('',*,*,#1479,.T.);
#1905=ORIENTED_EDGE('',*,*,#1480,.T.);
#1906=ORIENTED_EDGE('',*,*,#1368,.T.);
#1907=ORIENTED_EDGE('',*,*,#1427,.F.);
#1908=ORIENTED_EDGE('',*,*,#1481,.F.);
#1909=ORIENTED_EDGE('',*,*,#1479,.F.);
#1910=ORIENTED_EDGE('',*,*,#1482,.F.);
#1911=ORIENTED_EDGE('',*,*,#1483,.T.);
#1912=ORIENTED_EDGE('',*,*,#1484,.T.);
#1913=ORIENTED_EDGE('',*,*,#1485,.T.);
#1914=ORIENTED_EDGE('',*,*,#1319,.T.);
#1915=ORIENTED_EDGE('',*,*,#1433,.F.);
#1916=ORIENTED_EDGE('',*,*,#1486,.F.);
#1917=ORIENTED_EDGE('',*,*,#1484,.F.);
#1918=ORIENTED_EDGE('',*,*,#1487,.F.);
#1919=ORIENTED_EDGE('',*,*,#1488,.T.);
#1920=ORIENTED_EDGE('',*,*,#1489,.T.);
#1921=ORIENTED_EDGE('',*,*,#1490,.T.);
#1922=ORIENTED_EDGE('',*,*,#1312,.T.);
#1923=ORIENTED_EDGE('',*,*,#1439,.F.);
#1924=ORIENTED_EDGE('',*,*,#1491,.F.);
#1925=ORIENTED_EDGE('',*,*,#1489,.F.);
#1926=ORIENTED_EDGE('',*,*,#1492,.F.);
#1927=ORIENTED_EDGE('',*,*,#1493,.T.);
#1928=ORIENTED_EDGE('',*,*,#1494,.T.);
#1929=ORIENTED_EDGE('',*,*,#1495,.T.);
#1930=ORIENTED_EDGE('',*,*,#1361,.T.);
#1931=ORIENTED_EDGE('',*,*,#1457,.F.);
#1932=ORIENTED_EDGE('',*,*,#1496,.F.);
#1933=ORIENTED_EDGE('',*,*,#1494,.F.);
#1934=ORIENTED_EDGE('',*,*,#1497,.F.);
#1935=ORIENTED_EDGE('',*,*,#1498,.T.);
#1936=ORIENTED_EDGE('',*,*,#1499,.T.);
#1937=ORIENTED_EDGE('',*,*,#1500,.T.);
#1938=ORIENTED_EDGE('',*,*,#1340,.T.);
#1939=ORIENTED_EDGE('',*,*,#1451,.F.);
#1940=ORIENTED_EDGE('',*,*,#1501,.F.);
#1941=ORIENTED_EDGE('',*,*,#1499,.F.);
#1942=ORIENTED_EDGE('',*,*,#1502,.F.);
#1943=ORIENTED_EDGE('',*,*,#1503,.T.);
#1944=ORIENTED_EDGE('',*,*,#1504,.T.);
#1945=ORIENTED_EDGE('',*,*,#1505,.T.);
#1946=ORIENTED_EDGE('',*,*,#1326,.T.);
#1947=ORIENTED_EDGE('',*,*,#1445,.F.);
#1948=ORIENTED_EDGE('',*,*,#1506,.F.);
#1949=ORIENTED_EDGE('',*,*,#1504,.F.);
#1950=ORIENTED_EDGE('',*,*,#1507,.F.);
#1951=ORIENTED_EDGE('',*,*,#1508,.T.);
#1952=ORIENTED_EDGE('',*,*,#1509,.T.);
#1953=ORIENTED_EDGE('',*,*,#1510,.T.);
#1954=ORIENTED_EDGE('',*,*,#1333,.T.);
#1955=ORIENTED_EDGE('',*,*,#1475,.F.);
#1956=ORIENTED_EDGE('',*,*,#1511,.F.);
#1957=ORIENTED_EDGE('',*,*,#1509,.F.);
#1958=ORIENTED_EDGE('',*,*,#1512,.F.);
#1959=ORIENTED_EDGE('',*,*,#1513,.T.);
#1960=ORIENTED_EDGE('',*,*,#1514,.T.);
#1961=ORIENTED_EDGE('',*,*,#1515,.T.);
#1962=ORIENTED_EDGE('',*,*,#1347,.T.);
#1963=ORIENTED_EDGE('',*,*,#1469,.F.);
#1964=ORIENTED_EDGE('',*,*,#1516,.F.);
#1965=ORIENTED_EDGE('',*,*,#1514,.F.);
#1966=ORIENTED_EDGE('',*,*,#1517,.F.);
#1967=ORIENTED_EDGE('',*,*,#1518,.T.);
#1968=ORIENTED_EDGE('',*,*,#1519,.T.);
#1969=ORIENTED_EDGE('',*,*,#1520,.T.);
#1970=ORIENTED_EDGE('',*,*,#1354,.T.);
#1971=ORIENTED_EDGE('',*,*,#1463,.F.);
#1972=ORIENTED_EDGE('',*,*,#1521,.F.);
#1973=ORIENTED_EDGE('',*,*,#1519,.F.);
#1974=ORIENTED_EDGE('',*,*,#1522,.F.);
#1975=ORIENTED_EDGE('',*,*,#1523,.T.);
#1976=ORIENTED_EDGE('',*,*,#1524,.T.);
#1977=ORIENTED_EDGE('',*,*,#1525,.T.);
#1978=ORIENTED_EDGE('',*,*,#1526,.T.);
#1979=ORIENTED_EDGE('',*,*,#1526,.F.);
#1980=ORIENTED_EDGE('',*,*,#1527,.F.);
#1981=ORIENTED_EDGE('',*,*,#1528,.F.);
#1982=ORIENTED_EDGE('',*,*,#1529,.F.);
#1983=ORIENTED_EDGE('',*,*,#1525,.F.);
#1984=ORIENTED_EDGE('',*,*,#1530,.T.);
#1985=ORIENTED_EDGE('',*,*,#1531,.F.);
#1986=ORIENTED_EDGE('',*,*,#1532,.T.);
#1987=ORIENTED_EDGE('',*,*,#1533,.F.);
#1988=ORIENTED_EDGE('',*,*,#1534,.T.);
#1989=ORIENTED_EDGE('',*,*,#1535,.F.);
#1990=ORIENTED_EDGE('',*,*,#1527,.T.);
#1991=ORIENTED_EDGE('',*,*,#1221,.T.);
#1992=ORIENTED_EDGE('',*,*,#1301,.F.);
#1993=ORIENTED_EDGE('',*,*,#1304,.T.);
#1994=ORIENTED_EDGE('',*,*,#1306,.F.);
#1995=ORIENTED_EDGE('',*,*,#1228,.T.);
#1996=ORIENTED_EDGE('',*,*,#1211,.F.);
#1997=ORIENTED_EDGE('',*,*,#1241,.T.);
#1998=ORIENTED_EDGE('',*,*,#1255,.F.);
#1999=ORIENTED_EDGE('',*,*,#1248,.T.);
#2000=ORIENTED_EDGE('',*,*,#1231,.F.);
#2001=ORIENTED_EDGE('',*,*,#1259,.T.);
#2002=ORIENTED_EDGE('',*,*,#1265,.F.);
#2003=ORIENTED_EDGE('',*,*,#1260,.T.);
#2004=ORIENTED_EDGE('',*,*,#1251,.F.);
#2005=ORIENTED_EDGE('',*,*,#1215,.F.);
#2006=ORIENTED_EDGE('',*,*,#1227,.T.);
#2007=ORIENTED_EDGE('',*,*,#1263,.F.);
#2008=ORIENTED_EDGE('',*,*,#1222,.T.);
#2009=ORIENTED_EDGE('',*,*,#1281,.T.);
#2010=ORIENTED_EDGE('',*,*,#1285,.T.);
#2011=ORIENTED_EDGE('',*,*,#1288,.T.);
#2012=ORIENTED_EDGE('',*,*,#1290,.T.);
#2013=ORIENTED_EDGE('',*,*,#1536,.T.);
#2014=ORIENTED_EDGE('',*,*,#1537,.T.);
#2015=ORIENTED_EDGE('',*,*,#1538,.T.);
#2016=ORIENTED_EDGE('',*,*,#1539,.T.);
#2017=ORIENTED_EDGE('',*,*,#1476,.T.);
#2018=ORIENTED_EDGE('',*,*,#1372,.F.);
#2019=ORIENTED_EDGE('',*,*,#1374,.T.);
#2020=ORIENTED_EDGE('',*,*,#1330,.F.);
#2021=ORIENTED_EDGE('',*,*,#1334,.T.);
#2022=ORIENTED_EDGE('',*,*,#1510,.F.);
#2023=ORIENTED_EDGE('',*,*,#1511,.T.);
#2024=ORIENTED_EDGE('',*,*,#1474,.F.);
#2025=ORIENTED_EDGE('',*,*,#1452,.T.);
#2026=ORIENTED_EDGE('',*,*,#1408,.F.);
#2027=ORIENTED_EDGE('',*,*,#1410,.T.);
#2028=ORIENTED_EDGE('',*,*,#1337,.F.);
#2029=ORIENTED_EDGE('',*,*,#1341,.T.);
#2030=ORIENTED_EDGE('',*,*,#1500,.F.);
#2031=ORIENTED_EDGE('',*,*,#1501,.T.);
#2032=ORIENTED_EDGE('',*,*,#1450,.F.);
#2033=ORIENTED_EDGE('',*,*,#1428,.T.);
#2034=ORIENTED_EDGE('',*,*,#1420,.F.);
#2035=ORIENTED_EDGE('',*,*,#1422,.T.);
#2036=ORIENTED_EDGE('',*,*,#1365,.F.);
#2037=ORIENTED_EDGE('',*,*,#1369,.T.);
#2038=ORIENTED_EDGE('',*,*,#1480,.F.);
#2039=ORIENTED_EDGE('',*,*,#1481,.T.);
#2040=ORIENTED_EDGE('',*,*,#1426,.F.);
#2041=ORIENTED_EDGE('',*,*,#1470,.T.);
#2042=ORIENTED_EDGE('',*,*,#1378,.F.);
#2043=ORIENTED_EDGE('',*,*,#1380,.T.);
#2044=ORIENTED_EDGE('',*,*,#1344,.F.);
#2045=ORIENTED_EDGE('',*,*,#1348,.T.);
#2046=ORIENTED_EDGE('',*,*,#1515,.F.);
#2047=ORIENTED_EDGE('',*,*,#1516,.T.);
#2048=ORIENTED_EDGE('',*,*,#1468,.F.);
#2049=ORIENTED_EDGE('',*,*,#1446,.T.);
#2050=ORIENTED_EDGE('',*,*,#1402,.F.);
#2051=ORIENTED_EDGE('',*,*,#1404,.T.);
#2052=ORIENTED_EDGE('',*,*,#1323,.F.);
#2053=ORIENTED_EDGE('',*,*,#1327,.T.);
#2054=ORIENTED_EDGE('',*,*,#1505,.F.);
#2055=ORIENTED_EDGE('',*,*,#1506,.T.);
#2056=ORIENTED_EDGE('',*,*,#1444,.F.);
#2057=ORIENTED_EDGE('',*,*,#1434,.T.);
#2058=ORIENTED_EDGE('',*,*,#1390,.F.);
#2059=ORIENTED_EDGE('',*,*,#1392,.T.);
#2060=ORIENTED_EDGE('',*,*,#1316,.F.);
#2061=ORIENTED_EDGE('',*,*,#1320,.T.);
#2062=ORIENTED_EDGE('',*,*,#1485,.F.);
#2063=ORIENTED_EDGE('',*,*,#1486,.T.);
#2064=ORIENTED_EDGE('',*,*,#1432,.F.);
#2065=ORIENTED_EDGE('',*,*,#1458,.T.);
#2066=ORIENTED_EDGE('',*,*,#1414,.F.);
#2067=ORIENTED_EDGE('',*,*,#1416,.T.);
#2068=ORIENTED_EDGE('',*,*,#1358,.F.);
#2069=ORIENTED_EDGE('',*,*,#1362,.T.);
#2070=ORIENTED_EDGE('',*,*,#1495,.F.);
#2071=ORIENTED_EDGE('',*,*,#1496,.T.);
#2072=ORIENTED_EDGE('',*,*,#1456,.F.);
#2073=ORIENTED_EDGE('',*,*,#1464,.T.);
#2074=ORIENTED_EDGE('',*,*,#1384,.F.);
#2075=ORIENTED_EDGE('',*,*,#1386,.T.);
#2076=ORIENTED_EDGE('',*,*,#1351,.F.);
#2077=ORIENTED_EDGE('',*,*,#1355,.T.);
#2078=ORIENTED_EDGE('',*,*,#1520,.F.);
#2079=ORIENTED_EDGE('',*,*,#1521,.T.);
#2080=ORIENTED_EDGE('',*,*,#1462,.F.);
#2081=ORIENTED_EDGE('',*,*,#1440,.T.);
#2082=ORIENTED_EDGE('',*,*,#1396,.F.);
#2083=ORIENTED_EDGE('',*,*,#1398,.T.);
#2084=ORIENTED_EDGE('',*,*,#1309,.F.);
#2085=ORIENTED_EDGE('',*,*,#1313,.T.);
#2086=ORIENTED_EDGE('',*,*,#1490,.F.);
#2087=ORIENTED_EDGE('',*,*,#1491,.T.);
#2088=ORIENTED_EDGE('',*,*,#1438,.F.);
#2089=ORIENTED_EDGE('',*,*,#1235,.F.);
#2090=ORIENTED_EDGE('',*,*,#1247,.T.);
#2091=ORIENTED_EDGE('',*,*,#1293,.F.);
#2092=ORIENTED_EDGE('',*,*,#1296,.T.);
#2093=ORIENTED_EDGE('',*,*,#1298,.F.);
#2094=ORIENTED_EDGE('',*,*,#1242,.T.);
#2095=ORIENTED_EDGE('',*,*,#1276,.T.);
#2096=ORIENTED_EDGE('',*,*,#1273,.T.);
#2097=ORIENTED_EDGE('',*,*,#1270,.T.);
#2098=ORIENTED_EDGE('',*,*,#1267,.T.);
#2099=ORIENTED_EDGE('',*,*,#1540,.T.);
#2100=ORIENTED_EDGE('',*,*,#1528,.T.);
#2101=ORIENTED_EDGE('',*,*,#1535,.T.);
#2102=ORIENTED_EDGE('',*,*,#1541,.T.);
#2103=ORIENTED_EDGE('',*,*,#1541,.F.);
#2104=ORIENTED_EDGE('',*,*,#1534,.F.);
#2105=ORIENTED_EDGE('',*,*,#1542,.F.);
#2106=ORIENTED_EDGE('',*,*,#1543,.F.);
#2107=ORIENTED_EDGE('',*,*,#1544,.T.);
#2108=ORIENTED_EDGE('',*,*,#1542,.T.);
#2109=ORIENTED_EDGE('',*,*,#1533,.T.);
#2110=ORIENTED_EDGE('',*,*,#1545,.T.);
#2111=ORIENTED_EDGE('',*,*,#1545,.F.);
#2112=ORIENTED_EDGE('',*,*,#1532,.F.);
#2113=ORIENTED_EDGE('',*,*,#1546,.F.);
#2114=ORIENTED_EDGE('',*,*,#1547,.F.);
#2115=ORIENTED_EDGE('',*,*,#1548,.T.);
#2116=ORIENTED_EDGE('',*,*,#1546,.T.);
#2117=ORIENTED_EDGE('',*,*,#1531,.T.);
#2118=ORIENTED_EDGE('',*,*,#1549,.T.);
#2119=ORIENTED_EDGE('',*,*,#1550,.F.);
#2120=ORIENTED_EDGE('',*,*,#1551,.T.);
#2121=ORIENTED_EDGE('',*,*,#1536,.F.);
#2122=ORIENTED_EDGE('',*,*,#1552,.F.);
#2123=ORIENTED_EDGE('',*,*,#1553,.F.);
#2124=ORIENTED_EDGE('',*,*,#1554,.T.);
#2125=ORIENTED_EDGE('',*,*,#1537,.F.);
#2126=ORIENTED_EDGE('',*,*,#1551,.F.);
#2127=ORIENTED_EDGE('',*,*,#1555,.F.);
#2128=ORIENTED_EDGE('',*,*,#1556,.T.);
#2129=ORIENTED_EDGE('',*,*,#1538,.F.);
#2130=ORIENTED_EDGE('',*,*,#1554,.F.);
#2131=ORIENTED_EDGE('',*,*,#1557,.F.);
#2132=ORIENTED_EDGE('',*,*,#1552,.T.);
#2133=ORIENTED_EDGE('',*,*,#1539,.F.);
#2134=ORIENTED_EDGE('',*,*,#1556,.F.);
#2135=ORIENTED_EDGE('',*,*,#1524,.F.);
#2136=ORIENTED_EDGE('',*,*,#1558,.F.);
#2137=ORIENTED_EDGE('',*,*,#1549,.F.);
#2138=ORIENTED_EDGE('',*,*,#1530,.F.);
#2139=ORIENTED_EDGE('',*,*,#1523,.F.);
#2140=ORIENTED_EDGE('',*,*,#1529,.T.);
#2141=ORIENTED_EDGE('',*,*,#1540,.F.);
#2142=ORIENTED_EDGE('',*,*,#1543,.T.);
#2143=ORIENTED_EDGE('',*,*,#1544,.F.);
#2144=ORIENTED_EDGE('',*,*,#1547,.T.);
#2145=ORIENTED_EDGE('',*,*,#1548,.F.);
#2146=ORIENTED_EDGE('',*,*,#1558,.T.);
#2147=ORIENTED_EDGE('',*,*,#1224,.T.);
#2148=ORIENTED_EDGE('',*,*,#1264,.T.);
#2149=ORIENTED_EDGE('',*,*,#1225,.T.);
#2150=ORIENTED_EDGE('',*,*,#1217,.T.);
#2151=ORIENTED_EDGE('',*,*,#1244,.T.);
#2152=ORIENTED_EDGE('',*,*,#1297,.F.);
#2153=ORIENTED_EDGE('',*,*,#1294,.T.);
#2154=ORIENTED_EDGE('',*,*,#1291,.F.);
#2155=ORIENTED_EDGE('',*,*,#1245,.T.);
#2156=ORIENTED_EDGE('',*,*,#1237,.T.);
#2157=ORIENTED_EDGE('',*,*,#1233,.T.);
#2158=ORIENTED_EDGE('',*,*,#1250,.T.);
#2159=ORIENTED_EDGE('',*,*,#1256,.T.);
#2160=ORIENTED_EDGE('',*,*,#1239,.T.);
#2161=ORIENTED_EDGE('',*,*,#1253,.T.);
#2162=ORIENTED_EDGE('',*,*,#1262,.T.);
#2163=ORIENTED_EDGE('',*,*,#1266,.T.);
#2164=ORIENTED_EDGE('',*,*,#1257,.T.);
#2165=ORIENTED_EDGE('',*,*,#1279,.T.);
#2166=ORIENTED_EDGE('',*,*,#1289,.T.);
#2167=ORIENTED_EDGE('',*,*,#1286,.T.);
#2168=ORIENTED_EDGE('',*,*,#1283,.T.);
#2169=ORIENTED_EDGE('',*,*,#1550,.T.);
#2170=ORIENTED_EDGE('',*,*,#1557,.T.);
#2171=ORIENTED_EDGE('',*,*,#1555,.T.);
#2172=ORIENTED_EDGE('',*,*,#1553,.T.);
#2173=ORIENTED_EDGE('',*,*,#1477,.T.);
#2174=ORIENTED_EDGE('',*,*,#1472,.F.);
#2175=ORIENTED_EDGE('',*,*,#1512,.T.);
#2176=ORIENTED_EDGE('',*,*,#1508,.F.);
#2177=ORIENTED_EDGE('',*,*,#1332,.T.);
#2178=ORIENTED_EDGE('',*,*,#1328,.F.);
#2179=ORIENTED_EDGE('',*,*,#1375,.T.);
#2180=ORIENTED_EDGE('',*,*,#1370,.F.);
#2181=ORIENTED_EDGE('',*,*,#1453,.T.);
#2182=ORIENTED_EDGE('',*,*,#1448,.F.);
#2183=ORIENTED_EDGE('',*,*,#1502,.T.);
#2184=ORIENTED_EDGE('',*,*,#1498,.F.);
#2185=ORIENTED_EDGE('',*,*,#1339,.T.);
#2186=ORIENTED_EDGE('',*,*,#1335,.F.);
#2187=ORIENTED_EDGE('',*,*,#1411,.T.);
#2188=ORIENTED_EDGE('',*,*,#1406,.F.);
#2189=ORIENTED_EDGE('',*,*,#1429,.T.);
#2190=ORIENTED_EDGE('',*,*,#1424,.F.);
#2191=ORIENTED_EDGE('',*,*,#1482,.T.);
#2192=ORIENTED_EDGE('',*,*,#1478,.F.);
#2193=ORIENTED_EDGE('',*,*,#1367,.T.);
#2194=ORIENTED_EDGE('',*,*,#1363,.F.);
#2195=ORIENTED_EDGE('',*,*,#1423,.T.);
#2196=ORIENTED_EDGE('',*,*,#1418,.F.);
#2197=ORIENTED_EDGE('',*,*,#1471,.T.);
#2198=ORIENTED_EDGE('',*,*,#1466,.F.);
#2199=ORIENTED_EDGE('',*,*,#1517,.T.);
#2200=ORIENTED_EDGE('',*,*,#1513,.F.);
#2201=ORIENTED_EDGE('',*,*,#1346,.T.);
#2202=ORIENTED_EDGE('',*,*,#1342,.F.);
#2203=ORIENTED_EDGE('',*,*,#1381,.T.);
#2204=ORIENTED_EDGE('',*,*,#1376,.F.);
#2205=ORIENTED_EDGE('',*,*,#1447,.T.);
#2206=ORIENTED_EDGE('',*,*,#1442,.F.);
#2207=ORIENTED_EDGE('',*,*,#1507,.T.);
#2208=ORIENTED_EDGE('',*,*,#1503,.F.);
#2209=ORIENTED_EDGE('',*,*,#1325,.T.);
#2210=ORIENTED_EDGE('',*,*,#1321,.F.);
#2211=ORIENTED_EDGE('',*,*,#1405,.T.);
#2212=ORIENTED_EDGE('',*,*,#1400,.F.);
#2213=ORIENTED_EDGE('',*,*,#1435,.T.);
#2214=ORIENTED_EDGE('',*,*,#1430,.F.);
#2215=ORIENTED_EDGE('',*,*,#1487,.T.);
#2216=ORIENTED_EDGE('',*,*,#1483,.F.);
#2217=ORIENTED_EDGE('',*,*,#1318,.T.);
#2218=ORIENTED_EDGE('',*,*,#1314,.F.);
#2219=ORIENTED_EDGE('',*,*,#1393,.T.);
#2220=ORIENTED_EDGE('',*,*,#1388,.F.);
#2221=ORIENTED_EDGE('',*,*,#1459,.T.);
#2222=ORIENTED_EDGE('',*,*,#1454,.F.);
#2223=ORIENTED_EDGE('',*,*,#1497,.T.);
#2224=ORIENTED_EDGE('',*,*,#1493,.F.);
#2225=ORIENTED_EDGE('',*,*,#1360,.T.);
#2226=ORIENTED_EDGE('',*,*,#1356,.F.);
#2227=ORIENTED_EDGE('',*,*,#1417,.T.);
#2228=ORIENTED_EDGE('',*,*,#1412,.F.);
#2229=ORIENTED_EDGE('',*,*,#1465,.T.);
#2230=ORIENTED_EDGE('',*,*,#1460,.F.);
#2231=ORIENTED_EDGE('',*,*,#1522,.T.);
#2232=ORIENTED_EDGE('',*,*,#1518,.F.);
#2233=ORIENTED_EDGE('',*,*,#1353,.T.);
#2234=ORIENTED_EDGE('',*,*,#1349,.F.);
#2235=ORIENTED_EDGE('',*,*,#1387,.T.);
#2236=ORIENTED_EDGE('',*,*,#1382,.F.);
#2237=ORIENTED_EDGE('',*,*,#1441,.T.);
#2238=ORIENTED_EDGE('',*,*,#1436,.F.);
#2239=ORIENTED_EDGE('',*,*,#1492,.T.);
#2240=ORIENTED_EDGE('',*,*,#1488,.F.);
#2241=ORIENTED_EDGE('',*,*,#1311,.T.);
#2242=ORIENTED_EDGE('',*,*,#1307,.F.);
#2243=ORIENTED_EDGE('',*,*,#1399,.T.);
#2244=ORIENTED_EDGE('',*,*,#1394,.F.);
#2245=ORIENTED_EDGE('',*,*,#1213,.T.);
#2246=ORIENTED_EDGE('',*,*,#1230,.T.);
#2247=ORIENTED_EDGE('',*,*,#1305,.F.);
#2248=ORIENTED_EDGE('',*,*,#1302,.T.);
#2249=ORIENTED_EDGE('',*,*,#1299,.F.);
#2250=ORIENTED_EDGE('',*,*,#1219,.T.);
#2251=ORIENTED_EDGE('',*,*,#1278,.T.);
#2252=ORIENTED_EDGE('',*,*,#1275,.T.);
#2253=ORIENTED_EDGE('',*,*,#1272,.T.);
#2254=ORIENTED_EDGE('',*,*,#1269,.T.);
#2255=PLANE('',#2457);
#2256=PLANE('',#2458);
#2257=PLANE('',#2459);
#2258=PLANE('',#2460);
#2259=PLANE('',#2461);
#2260=PLANE('',#2462);
#2261=PLANE('',#2463);
#2262=PLANE('',#2464);
#2263=PLANE('',#2465);
#2264=PLANE('',#2466);
#2265=PLANE('',#2467);
#2266=PLANE('',#2468);
#2267=PLANE('',#2469);
#2268=PLANE('',#2470);
#2269=PLANE('',#2471);
#2270=PLANE('',#2472);
#2271=PLANE('',#2473);
#2272=PLANE('',#2474);
#2273=PLANE('',#2483);
#2274=PLANE('',#2484);
#2275=PLANE('',#2485);
#2276=PLANE('',#2486);
#2277=PLANE('',#2489);
#2278=PLANE('',#2494);
#2279=PLANE('',#2499);
#2280=PLANE('',#2502);
#2281=PLANE('',#2505);
#2282=PLANE('',#2508);
#2283=PLANE('',#2511);
#2284=PLANE('',#2514);
#2285=PLANE('',#2517);
#2286=PLANE('',#2520);
#2287=PLANE('',#2523);
#2288=PLANE('',#2526);
#2289=PLANE('',#2529);
#2290=PLANE('',#2532);
#2291=PLANE('',#2535);
#2292=PLANE('',#2538);
#2293=PLANE('',#2541);
#2294=PLANE('',#2544);
#2295=PLANE('',#2547);
#2296=PLANE('',#2550);
#2297=PLANE('',#2553);
#2298=PLANE('',#2556);
#2299=PLANE('',#2559);
#2300=PLANE('',#2562);
#2301=PLANE('',#2565);
#2302=PLANE('',#2568);
#2303=PLANE('',#2571);
#2304=PLANE('',#2574);
#2305=PLANE('',#2577);
#2306=PLANE('',#2580);
#2307=PLANE('',#2583);
#2308=PLANE('',#2586);
#2309=PLANE('',#2589);
#2310=PLANE('',#2592);
#2311=PLANE('',#2595);
#2312=PLANE('',#2598);
#2313=PLANE('',#2601);
#2314=PLANE('',#2604);
#2315=PLANE('',#2607);
#2316=PLANE('',#2608);
#2317=PLANE('',#2613);
#2318=PLANE('',#2615);
#2319=PLANE('',#2617);
#2320=PLANE('',#2618);
#2321=PLANE('',#2619);
#2322=PLANE('',#2620);
#2323=PLANE('',#2621);
#2324=PLANE('',#2622);
#2325=ADVANCED_FACE('',(#199),#2255,.T.);
#2326=ADVANCED_FACE('',(#200),#2256,.T.);
#2327=ADVANCED_FACE('',(#201),#2257,.F.);
#2328=ADVANCED_FACE('',(#202),#2258,.F.);
#2329=ADVANCED_FACE('',(#203),#2259,.F.);
#2330=ADVANCED_FACE('',(#204),#2260,.F.);
#2331=ADVANCED_FACE('',(#205),#2261,.T.);
#2332=ADVANCED_FACE('',(#206),#2262,.T.);
#2333=ADVANCED_FACE('',(#207),#2263,.F.);
#2334=ADVANCED_FACE('',(#208),#2264,.F.);
#2335=ADVANCED_FACE('',(#209),#2265,.F.);
#2336=ADVANCED_FACE('',(#210),#2266,.F.);
#2337=ADVANCED_FACE('',(#211),#2267,.T.);
#2338=ADVANCED_FACE('',(#212),#2268,.T.);
#2339=ADVANCED_FACE('',(#213),#2269,.F.);
#2340=ADVANCED_FACE('',(#214),#2270,.F.);
#2341=ADVANCED_FACE('',(#215),#2271,.T.);
#2342=ADVANCED_FACE('',(#216),#2272,.T.);
#2343=ADVANCED_FACE('',(#217),#151,.T.);
#2344=ADVANCED_FACE('',(#218),#152,.T.);
#2345=ADVANCED_FACE('',(#219),#153,.T.);
#2346=ADVANCED_FACE('',(#220),#154,.T.);
#2347=ADVANCED_FACE('',(#221),#2273,.F.);
#2348=ADVANCED_FACE('',(#222),#2274,.F.);
#2349=ADVANCED_FACE('',(#223),#2275,.F.);
#2350=ADVANCED_FACE('',(#224),#2276,.F.);
#2351=ADVANCED_FACE('',(#225),#155,.T.);
#2352=ADVANCED_FACE('',(#226),#2277,.F.);
#2353=ADVANCED_FACE('',(#227),#156,.T.);
#2354=ADVANCED_FACE('',(#228),#157,.T.);
#2355=ADVANCED_FACE('',(#229),#2278,.F.);
#2356=ADVANCED_FACE('',(#230),#158,.T.);
#2357=ADVANCED_FACE('',(#231),#159,.T.);
#2358=ADVANCED_FACE('',(#232),#2279,.F.);
#2359=ADVANCED_FACE('',(#233),#160,.T.);
#2360=ADVANCED_FACE('',(#234),#2280,.F.);
#2361=ADVANCED_FACE('',(#235),#161,.T.);
#2362=ADVANCED_FACE('',(#236),#2281,.F.);
#2363=ADVANCED_FACE('',(#237),#162,.T.);
#2364=ADVANCED_FACE('',(#238),#2282,.F.);
#2365=ADVANCED_FACE('',(#239),#163,.T.);
#2366=ADVANCED_FACE('',(#240),#2283,.F.);
#2367=ADVANCED_FACE('',(#241),#164,.T.);
#2368=ADVANCED_FACE('',(#242),#2284,.F.);
#2369=ADVANCED_FACE('',(#243),#165,.T.);
#2370=ADVANCED_FACE('',(#244),#2285,.F.);
#2371=ADVANCED_FACE('',(#245),#166,.T.);
#2372=ADVANCED_FACE('',(#246),#2286,.F.);
#2373=ADVANCED_FACE('',(#247),#167,.T.);
#2374=ADVANCED_FACE('',(#248),#2287,.F.);
#2375=ADVANCED_FACE('',(#249),#168,.T.);
#2376=ADVANCED_FACE('',(#250),#2288,.F.);
#2377=ADVANCED_FACE('',(#251),#169,.T.);
#2378=ADVANCED_FACE('',(#252),#2289,.F.);
#2379=ADVANCED_FACE('',(#253),#170,.T.);
#2380=ADVANCED_FACE('',(#254),#2290,.F.);
#2381=ADVANCED_FACE('',(#255),#171,.T.);
#2382=ADVANCED_FACE('',(#256),#2291,.F.);
#2383=ADVANCED_FACE('',(#257),#172,.T.);
#2384=ADVANCED_FACE('',(#258),#2292,.F.);
#2385=ADVANCED_FACE('',(#259),#173,.T.);
#2386=ADVANCED_FACE('',(#260),#2293,.F.);
#2387=ADVANCED_FACE('',(#261),#174,.T.);
#2388=ADVANCED_FACE('',(#262),#2294,.F.);
#2389=ADVANCED_FACE('',(#263),#175,.T.);
#2390=ADVANCED_FACE('',(#264),#2295,.F.);
#2391=ADVANCED_FACE('',(#265),#176,.T.);
#2392=ADVANCED_FACE('',(#266),#2296,.F.);
#2393=ADVANCED_FACE('',(#267),#177,.T.);
#2394=ADVANCED_FACE('',(#268),#2297,.F.);
#2395=ADVANCED_FACE('',(#269),#178,.T.);
#2396=ADVANCED_FACE('',(#270),#2298,.F.);
#2397=ADVANCED_FACE('',(#271),#179,.T.);
#2398=ADVANCED_FACE('',(#272),#2299,.F.);
#2399=ADVANCED_FACE('',(#273),#180,.T.);
#2400=ADVANCED_FACE('',(#274),#2300,.F.);
#2401=ADVANCED_FACE('',(#275),#181,.T.);
#2402=ADVANCED_FACE('',(#276),#2301,.F.);
#2403=ADVANCED_FACE('',(#277),#182,.T.);
#2404=ADVANCED_FACE('',(#278),#2302,.F.);
#2405=ADVANCED_FACE('',(#279),#183,.T.);
#2406=ADVANCED_FACE('',(#280),#2303,.F.);
#2407=ADVANCED_FACE('',(#281),#184,.T.);
#2408=ADVANCED_FACE('',(#282),#2304,.F.);
#2409=ADVANCED_FACE('',(#283),#185,.T.);
#2410=ADVANCED_FACE('',(#284),#2305,.F.);
#2411=ADVANCED_FACE('',(#285),#186,.T.);
#2412=ADVANCED_FACE('',(#286),#2306,.F.);
#2413=ADVANCED_FACE('',(#287),#187,.T.);
#2414=ADVANCED_FACE('',(#288),#2307,.F.);
#2415=ADVANCED_FACE('',(#289),#188,.T.);
#2416=ADVANCED_FACE('',(#290),#2308,.F.);
#2417=ADVANCED_FACE('',(#291),#189,.T.);
#2418=ADVANCED_FACE('',(#292),#2309,.F.);
#2419=ADVANCED_FACE('',(#293),#190,.T.);
#2420=ADVANCED_FACE('',(#294),#2310,.F.);
#2421=ADVANCED_FACE('',(#295),#191,.T.);
#2422=ADVANCED_FACE('',(#296),#2311,.F.);
#2423=ADVANCED_FACE('',(#297),#192,.T.);
#2424=ADVANCED_FACE('',(#298),#2312,.F.);
#2425=ADVANCED_FACE('',(#299),#193,.T.);
#2426=ADVANCED_FACE('',(#300),#2313,.F.);
#2427=ADVANCED_FACE('',(#301),#194,.T.);
#2428=ADVANCED_FACE('',(#302),#2314,.F.);
#2429=ADVANCED_FACE('',(#303),#195,.F.);
#2430=ADVANCED_FACE('',(#304),#2315,.T.);
#2431=ADVANCED_FACE('',(#305,#15,#16,#17,#18,#19,#20,#21,#22,#23,#24,#25,
#26,#27,#28,#29,#30,#31,#32,#33,#34),#2316,.F.);
#2432=ADVANCED_FACE('',(#306),#196,.F.);
#2433=ADVANCED_FACE('',(#307),#2317,.T.);
#2434=ADVANCED_FACE('',(#308),#197,.F.);
#2435=ADVANCED_FACE('',(#309),#2318,.T.);
#2436=ADVANCED_FACE('',(#310),#198,.F.);
#2437=ADVANCED_FACE('',(#311),#2319,.F.);
#2438=ADVANCED_FACE('',(#312),#2320,.F.);
#2439=ADVANCED_FACE('',(#313),#2321,.F.);
#2440=ADVANCED_FACE('',(#314),#2322,.F.);
#2441=ADVANCED_FACE('',(#315),#2323,.T.);
#2442=ADVANCED_FACE('',(#316,#35,#36,#37,#38,#39,#40,#41,#42,#43,#44,#45,
#46,#47,#48,#49,#50,#51,#52,#53,#54),#2324,.T.);
#2443=CLOSED_SHELL('',(#2325,#2326,#2327,#2328,#2329,#2330,#2331,#2332,
#2333,#2334,#2335,#2336,#2337,#2338,#2339,#2340,#2341,#2342,#2343,#2344,
#2345,#2346,#2347,#2348,#2349,#2350,#2351,#2352,#2353,#2354,#2355,#2356,
#2357,#2358,#2359,#2360,#2361,#2362,#2363,#2364,#2365,#2366,#2367,#2368,
#2369,#2370,#2371,#2372,#2373,#2374,#2375,#2376,#2377,#2378,#2379,#2380,
#2381,#2382,#2383,#2384,#2385,#2386,#2387,#2388,#2389,#2390,#2391,#2392,
#2393,#2394,#2395,#2396,#2397,#2398,#2399,#2400,#2401,#2402,#2403,#2404,
#2405,#2406,#2407,#2408,#2409,#2410,#2411,#2412,#2413,#2414,#2415,#2416,
#2417,#2418,#2419,#2420,#2421,#2422,#2423,#2424,#2425,#2426,#2427,#2428,
#2429,#2430,#2431,#2432,#2433,#2434,#2435,#2436,#2437,#2438,#2439,#2440,
#2441,#2442));
#2444=DERIVED_UNIT_ELEMENT(#2446,1.);
#2445=DERIVED_UNIT_ELEMENT(#4201,-3.);
#2446=(
MASS_UNIT()
NAMED_UNIT(*)
SI_UNIT(.KILO.,.GRAM.)
);
#2447=DERIVED_UNIT((#2444,#2445));
#2448=MEASURE_REPRESENTATION_ITEM('density measure',
POSITIVE_RATIO_MEASURE(7850.),#2447);
#2449=PROPERTY_DEFINITION_REPRESENTATION(#2454,#2451);
#2450=PROPERTY_DEFINITION_REPRESENTATION(#2455,#2452);
#2451=REPRESENTATION('material name',(#2453),#4198);
#2452=REPRESENTATION('density',(#2448),#4198);
#2453=DESCRIPTIVE_REPRESENTATION_ITEM('Steel','Steel');
#2454=PROPERTY_DEFINITION('material property','material name',#4208);
#2455=PROPERTY_DEFINITION('material property','density of part',#4208);
#2456=AXIS2_PLACEMENT_3D('',#3209,#2623,#2624);
#2457=AXIS2_PLACEMENT_3D('',#3210,#2625,#2626);
#2458=AXIS2_PLACEMENT_3D('',#3219,#2631,#2632);
#2459=AXIS2_PLACEMENT_3D('',#3228,#2637,#2638);
#2460=AXIS2_PLACEMENT_3D('',#3234,#2642,#2643);
#2461=AXIS2_PLACEMENT_3D('',#3240,#2647,#2648);
#2462=AXIS2_PLACEMENT_3D('',#3246,#2652,#2653);
#2463=AXIS2_PLACEMENT_3D('',#3252,#2657,#2658);
#2464=AXIS2_PLACEMENT_3D('',#3261,#2663,#2664);
#2465=AXIS2_PLACEMENT_3D('',#3270,#2669,#2670);
#2466=AXIS2_PLACEMENT_3D('',#3276,#2674,#2675);
#2467=AXIS2_PLACEMENT_3D('',#3282,#2679,#2680);
#2468=AXIS2_PLACEMENT_3D('',#3288,#2684,#2685);
#2469=AXIS2_PLACEMENT_3D('',#3294,#2689,#2690);
#2470=AXIS2_PLACEMENT_3D('',#3303,#2695,#2696);
#2471=AXIS2_PLACEMENT_3D('',#3306,#2699,#2700);
#2472=AXIS2_PLACEMENT_3D('',#3312,#2704,#2705);
#2473=AXIS2_PLACEMENT_3D('',#3318,#2709,#2710);
#2474=AXIS2_PLACEMENT_3D('',#3321,#2713,#2714);
#2475=AXIS2_PLACEMENT_3D('',#3343,#2717,#2718);
#2476=AXIS2_PLACEMENT_3D('',#3346,#2720,#2721);
#2477=AXIS2_PLACEMENT_3D('',#3366,#2722,#2723);
#2478=AXIS2_PLACEMENT_3D('',#3369,#2725,#2726);
#2479=AXIS2_PLACEMENT_3D('',#3389,#2727,#2728);
#2480=AXIS2_PLACEMENT_3D('',#3392,#2730,#2731);
#2481=AXIS2_PLACEMENT_3D('',#3412,#2732,#2733);
#2482=AXIS2_PLACEMENT_3D('',#3415,#2735,#2736);
#2483=AXIS2_PLACEMENT_3D('',#3416,#2737,#2738);
#2484=AXIS2_PLACEMENT_3D('',#3425,#2743,#2744);
#2485=AXIS2_PLACEMENT_3D('',#3431,#2748,#2749);
#2486=AXIS2_PLACEMENT_3D('',#3437,#2753,#2754);
#2487=AXIS2_PLACEMENT_3D('',#3447,#2757,#2758);
#2488=AXIS2_PLACEMENT_3D('',#3450,#2760,#2761);
#2489=AXIS2_PLACEMENT_3D('',#3451,#2762,#2763);
#2490=AXIS2_PLACEMENT_3D('',#3463,#2767,#2768);
#2491=AXIS2_PLACEMENT_3D('',#3464,#2769,#2770);
#2492=AXIS2_PLACEMENT_3D('',#3472,#2771,#2772);
#2493=AXIS2_PLACEMENT_3D('',#3475,#2774,#2775);
#2494=AXIS2_PLACEMENT_3D('',#3476,#2776,#2777);
#2495=AXIS2_PLACEMENT_3D('',#3488,#2781,#2782);
#2496=AXIS2_PLACEMENT_3D('',#3489,#2783,#2784);
#2497=AXIS2_PLACEMENT_3D('',#3498,#2785,#2786);
#2498=AXIS2_PLACEMENT_3D('',#3502,#2788,#2789);
#2499=AXIS2_PLACEMENT_3D('',#3504,#2791,#2792);
#2500=AXIS2_PLACEMENT_3D('',#3518,#2796,#2797);
#2501=AXIS2_PLACEMENT_3D('',#3522,#2799,#2800);
#2502=AXIS2_PLACEMENT_3D('',#3524,#2802,#2803);
#2503=AXIS2_PLACEMENT_3D('',#3538,#2807,#2808);
#2504=AXIS2_PLACEMENT_3D('',#3542,#2810,#2811);
#2505=AXIS2_PLACEMENT_3D('',#3544,#2813,#2814);
#2506=AXIS2_PLACEMENT_3D('',#3558,#2818,#2819);
#2507=AXIS2_PLACEMENT_3D('',#3562,#2821,#2822);
#2508=AXIS2_PLACEMENT_3D('',#3564,#2824,#2825);
#2509=AXIS2_PLACEMENT_3D('',#3578,#2829,#2830);
#2510=AXIS2_PLACEMENT_3D('',#3582,#2832,#2833);
#2511=AXIS2_PLACEMENT_3D('',#3584,#2835,#2836);
#2512=AXIS2_PLACEMENT_3D('',#3598,#2840,#2841);
#2513=AXIS2_PLACEMENT_3D('',#3602,#2843,#2844);
#2514=AXIS2_PLACEMENT_3D('',#3604,#2846,#2847);
#2515=AXIS2_PLACEMENT_3D('',#3618,#2851,#2852);
#2516=AXIS2_PLACEMENT_3D('',#3622,#2854,#2855);
#2517=AXIS2_PLACEMENT_3D('',#3624,#2857,#2858);
#2518=AXIS2_PLACEMENT_3D('',#3638,#2862,#2863);
#2519=AXIS2_PLACEMENT_3D('',#3642,#2865,#2866);
#2520=AXIS2_PLACEMENT_3D('',#3644,#2868,#2869);
#2521=AXIS2_PLACEMENT_3D('',#3658,#2873,#2874);
#2522=AXIS2_PLACEMENT_3D('',#3662,#2876,#2877);
#2523=AXIS2_PLACEMENT_3D('',#3664,#2879,#2880);
#2524=AXIS2_PLACEMENT_3D('',#3678,#2884,#2885);
#2525=AXIS2_PLACEMENT_3D('',#3682,#2887,#2888);
#2526=AXIS2_PLACEMENT_3D('',#3684,#2890,#2891);
#2527=AXIS2_PLACEMENT_3D('',#3695,#2894,#2895);
#2528=AXIS2_PLACEMENT_3D('',#3699,#2897,#2898);
#2529=AXIS2_PLACEMENT_3D('',#3701,#2900,#2901);
#2530=AXIS2_PLACEMENT_3D('',#3712,#2904,#2905);
#2531=AXIS2_PLACEMENT_3D('',#3716,#2907,#2908);
#2532=AXIS2_PLACEMENT_3D('',#3718,#2910,#2911);
#2533=AXIS2_PLACEMENT_3D('',#3729,#2914,#2915);
#2534=AXIS2_PLACEMENT_3D('',#3733,#2917,#2918);
#2535=AXIS2_PLACEMENT_3D('',#3735,#2920,#2921);
#2536=AXIS2_PLACEMENT_3D('',#3746,#2924,#2925);
#2537=AXIS2_PLACEMENT_3D('',#3750,#2927,#2928);
#2538=AXIS2_PLACEMENT_3D('',#3752,#2930,#2931);
#2539=AXIS2_PLACEMENT_3D('',#3763,#2934,#2935);
#2540=AXIS2_PLACEMENT_3D('',#3767,#2937,#2938);
#2541=AXIS2_PLACEMENT_3D('',#3769,#2940,#2941);
#2542=AXIS2_PLACEMENT_3D('',#3780,#2944,#2945);
#2543=AXIS2_PLACEMENT_3D('',#3784,#2947,#2948);
#2544=AXIS2_PLACEMENT_3D('',#3786,#2950,#2951);
#2545=AXIS2_PLACEMENT_3D('',#3797,#2954,#2955);
#2546=AXIS2_PLACEMENT_3D('',#3801,#2957,#2958);
#2547=AXIS2_PLACEMENT_3D('',#3803,#2960,#2961);
#2548=AXIS2_PLACEMENT_3D('',#3814,#2964,#2965);
#2549=AXIS2_PLACEMENT_3D('',#3818,#2967,#2968);
#2550=AXIS2_PLACEMENT_3D('',#3820,#2970,#2971);
#2551=AXIS2_PLACEMENT_3D('',#3831,#2974,#2975);
#2552=AXIS2_PLACEMENT_3D('',#3835,#2977,#2978);
#2553=AXIS2_PLACEMENT_3D('',#3837,#2980,#2981);
#2554=AXIS2_PLACEMENT_3D('',#3848,#2984,#2985);
#2555=AXIS2_PLACEMENT_3D('',#3852,#2987,#2988);
#2556=AXIS2_PLACEMENT_3D('',#3854,#2990,#2991);
#2557=AXIS2_PLACEMENT_3D('',#3865,#2994,#2995);
#2558=AXIS2_PLACEMENT_3D('',#3869,#2997,#2998);
#2559=AXIS2_PLACEMENT_3D('',#3871,#3000,#3001);
#2560=AXIS2_PLACEMENT_3D('',#3882,#3004,#3005);
#2561=AXIS2_PLACEMENT_3D('',#3886,#3007,#3008);
#2562=AXIS2_PLACEMENT_3D('',#3888,#3010,#3011);
#2563=AXIS2_PLACEMENT_3D('',#3899,#3014,#3015);
#2564=AXIS2_PLACEMENT_3D('',#3903,#3017,#3018);
#2565=AXIS2_PLACEMENT_3D('',#3905,#3020,#3021);
#2566=AXIS2_PLACEMENT_3D('',#3916,#3024,#3025);
#2567=AXIS2_PLACEMENT_3D('',#3920,#3027,#3028);
#2568=AXIS2_PLACEMENT_3D('',#3922,#3030,#3031);
#2569=AXIS2_PLACEMENT_3D('',#3933,#3034,#3035);
#2570=AXIS2_PLACEMENT_3D('',#3937,#3037,#3038);
#2571=AXIS2_PLACEMENT_3D('',#3939,#3040,#3041);
#2572=AXIS2_PLACEMENT_3D('',#3950,#3044,#3045);
#2573=AXIS2_PLACEMENT_3D('',#3954,#3047,#3048);
#2574=AXIS2_PLACEMENT_3D('',#3956,#3050,#3051);
#2575=AXIS2_PLACEMENT_3D('',#3967,#3054,#3055);
#2576=AXIS2_PLACEMENT_3D('',#3971,#3057,#3058);
#2577=AXIS2_PLACEMENT_3D('',#3973,#3060,#3061);
#2578=AXIS2_PLACEMENT_3D('',#3983,#3064,#3065);
#2579=AXIS2_PLACEMENT_3D('',#3986,#3067,#3068);
#2580=AXIS2_PLACEMENT_3D('',#3987,#3069,#3070);
#2581=AXIS2_PLACEMENT_3D('',#3997,#3073,#3074);
#2582=AXIS2_PLACEMENT_3D('',#4000,#3076,#3077);
#2583=AXIS2_PLACEMENT_3D('',#4001,#3078,#3079);
#2584=AXIS2_PLACEMENT_3D('',#4011,#3082,#3083);
#2585=AXIS2_PLACEMENT_3D('',#4014,#3085,#3086);
#2586=AXIS2_PLACEMENT_3D('',#4015,#3087,#3088);
#2587=AXIS2_PLACEMENT_3D('',#4025,#3091,#3092);
#2588=AXIS2_PLACEMENT_3D('',#4028,#3094,#3095);
#2589=AXIS2_PLACEMENT_3D('',#4029,#3096,#3097);
#2590=AXIS2_PLACEMENT_3D('',#4039,#3100,#3101);
#2591=AXIS2_PLACEMENT_3D('',#4042,#3103,#3104);
#2592=AXIS2_PLACEMENT_3D('',#4043,#3105,#3106);
#2593=AXIS2_PLACEMENT_3D('',#4053,#3109,#3110);
#2594=AXIS2_PLACEMENT_3D('',#4056,#3112,#3113);
#2595=AXIS2_PLACEMENT_3D('',#4057,#3114,#3115);
#2596=AXIS2_PLACEMENT_3D('',#4067,#3118,#3119);
#2597=AXIS2_PLACEMENT_3D('',#4070,#3121,#3122);
#2598=AXIS2_PLACEMENT_3D('',#4071,#3123,#3124);
#2599=AXIS2_PLACEMENT_3D('',#4081,#3127,#3128);
#2600=AXIS2_PLACEMENT_3D('',#4084,#3130,#3131);
#2601=AXIS2_PLACEMENT_3D('',#4085,#3132,#3133);
#2602=AXIS2_PLACEMENT_3D('',#4095,#3136,#3137);
#2603=AXIS2_PLACEMENT_3D('',#4098,#3139,#3140);
#2604=AXIS2_PLACEMENT_3D('',#4099,#3141,#3142);
#2605=AXIS2_PLACEMENT_3D('',#4110,#3145,#3146);
#2606=AXIS2_PLACEMENT_3D('',#4114,#3148,#3149);
#2607=AXIS2_PLACEMENT_3D('',#4116,#3151,#3152);
#2608=AXIS2_PLACEMENT_3D('',#4122,#3156,#3157);
#2609=AXIS2_PLACEMENT_3D('',#4126,#3159,#3160);
#2610=AXIS2_PLACEMENT_3D('',#4130,#3162,#3163);
#2611=AXIS2_PLACEMENT_3D('',#4133,#3165,#3166);
#2612=AXIS2_PLACEMENT_3D('',#4149,#3171,#3172);
#2613=AXIS2_PLACEMENT_3D('',#4151,#3174,#3175);
#2614=AXIS2_PLACEMENT_3D('',#4162,#3178,#3179);
#2615=AXIS2_PLACEMENT_3D('',#4164,#3181,#3182);
#2616=AXIS2_PLACEMENT_3D('',#4175,#3185,#3186);
#2617=AXIS2_PLACEMENT_3D('',#4177,#3188,#3189);
#2618=AXIS2_PLACEMENT_3D('',#4183,#3193,#3194);
#2619=AXIS2_PLACEMENT_3D('',#4187,#3197,#3198);
#2620=AXIS2_PLACEMENT_3D('',#4191,#3201,#3202);
#2621=AXIS2_PLACEMENT_3D('',#4193,#3204,#3205);
#2622=AXIS2_PLACEMENT_3D('',#4195,#3207,#3208);
#2623=DIRECTION('axis',(0.,0.,1.));
#2624=DIRECTION('refdir',(1.,0.,0.));
#2625=DIRECTION('center_axis',(0.,0.,-1.));
#2626=DIRECTION('ref_axis',(-1.,0.,0.));
#2627=DIRECTION('',(-1.,0.,0.));
#2628=DIRECTION('',(0.,-1.,0.));
#2629=DIRECTION('',(-1.,0.,0.));
#2630=DIRECTION('',(0.,1.,0.));
#2631=DIRECTION('center_axis',(0.,0.,1.));
#2632=DIRECTION('ref_axis',(1.,0.,0.));
#2633=DIRECTION('',(1.,0.,0.));
#2634=DIRECTION('',(0.,-1.,0.));
#2635=DIRECTION('',(1.,0.,0.));
#2636=DIRECTION('',(0.,1.,0.));
#2637=DIRECTION('center_axis',(1.,0.,0.));
#2638=DIRECTION('ref_axis',(0.,0.,-1.));
#2639=DIRECTION('',(0.,0.,1.));
#2640=DIRECTION('',(0.,1.,0.));
#2641=DIRECTION('',(0.,0.,-1.));
#2642=DIRECTION('center_axis',(1.,0.,0.));
#2643=DIRECTION('ref_axis',(0.,0.,-1.));
#2644=DIRECTION('',(0.,0.,-1.));
#2645=DIRECTION('',(0.,1.,0.));
#2646=DIRECTION('',(0.,0.,1.));
#2647=DIRECTION('center_axis',(-1.,0.,0.));
#2648=DIRECTION('ref_axis',(0.,0.,1.));
#2649=DIRECTION('',(0.,0.,-1.));
#2650=DIRECTION('',(0.,-1.,0.));
#2651=DIRECTION('',(0.,0.,1.));
#2652=DIRECTION('center_axis',(-1.,0.,0.));
#2653=DIRECTION('ref_axis',(0.,0.,1.));
#2654=DIRECTION('',(0.,0.,1.));
#2655=DIRECTION('',(0.,-1.,0.));
#2656=DIRECTION('',(0.,0.,-1.));
#2657=DIRECTION('center_axis',(0.,0.,-1.));
#2658=DIRECTION('ref_axis',(-1.,0.,0.));
#2659=DIRECTION('',(-1.,0.,0.));
#2660=DIRECTION('',(0.,-1.,0.));
#2661=DIRECTION('',(-1.,0.,0.));
#2662=DIRECTION('',(0.,1.,0.));
#2663=DIRECTION('center_axis',(0.,0.,1.));
#2664=DIRECTION('ref_axis',(1.,0.,0.));
#2665=DIRECTION('',(1.,0.,0.));
#2666=DIRECTION('',(0.,-1.,0.));
#2667=DIRECTION('',(1.,0.,0.));
#2668=DIRECTION('',(0.,1.,0.));
#2669=DIRECTION('center_axis',(1.,0.,0.));
#2670=DIRECTION('ref_axis',(0.,0.,-1.));
#2671=DIRECTION('',(0.,0.,1.));
#2672=DIRECTION('',(0.,-1.,0.));
#2673=DIRECTION('',(0.,0.,-1.));
#2674=DIRECTION('center_axis',(1.,0.,0.));
#2675=DIRECTION('ref_axis',(0.,0.,-1.));
#2676=DIRECTION('',(0.,0.,-1.));
#2677=DIRECTION('',(0.,-1.,0.));
#2678=DIRECTION('',(0.,0.,1.));
#2679=DIRECTION('center_axis',(-1.,0.,0.));
#2680=DIRECTION('ref_axis',(0.,0.,1.));
#2681=DIRECTION('',(0.,0.,-1.));
#2682=DIRECTION('',(0.,1.,0.));
#2683=DIRECTION('',(0.,0.,1.));
#2684=DIRECTION('center_axis',(-1.,0.,0.));
#2685=DIRECTION('ref_axis',(0.,0.,1.));
#2686=DIRECTION('',(0.,0.,1.));
#2687=DIRECTION('',(0.,1.,0.));
#2688=DIRECTION('',(0.,0.,-1.));
#2689=DIRECTION('center_axis',(0.,0.,-1.));
#2690=DIRECTION('ref_axis',(-1.,0.,0.));
#2691=DIRECTION('',(-1.,0.,0.));
#2692=DIRECTION('',(0.,-1.,0.));
#2693=DIRECTION('',(-1.,0.,0.));
#2694=DIRECTION('',(0.,1.,0.));
#2695=DIRECTION('center_axis',(0.,0.,1.));
#2696=DIRECTION('ref_axis',(1.,0.,0.));
#2697=DIRECTION('',(1.,0.,0.));
#2698=DIRECTION('',(1.,0.,0.));
#2699=DIRECTION('center_axis',(1.,0.,0.));
#2700=DIRECTION('ref_axis',(0.,0.,-1.));
#2701=DIRECTION('',(0.,0.,1.));
#2702=DIRECTION('',(0.,-1.,0.));
#2703=DIRECTION('',(0.,0.,-1.));
#2704=DIRECTION('center_axis',(-1.,0.,0.));
#2705=DIRECTION('ref_axis',(0.,0.,1.));
#2706=DIRECTION('',(0.,0.,1.));
#2707=DIRECTION('',(0.,1.,0.));
#2708=DIRECTION('',(0.,0.,-1.));
#2709=DIRECTION('center_axis',(0.,0.,-1.));
#2710=DIRECTION('ref_axis',(-1.,0.,0.));
#2711=DIRECTION('',(-1.,0.,0.));
#2712=DIRECTION('',(-1.,0.,0.));
#2713=DIRECTION('center_axis',(0.,0.,1.));
#2714=DIRECTION('ref_axis',(1.,0.,0.));
#2715=DIRECTION('',(1.,0.,0.));
#2716=DIRECTION('',(1.,0.,0.));
#2717=DIRECTION('center_axis',(0.,1.,0.));
#2718=DIRECTION('ref_axis',(0.,0.,1.));
#2719=DIRECTION('',(0.,1.,0.));
#2720=DIRECTION('center_axis',(0.,-1.,0.));
#2721=DIRECTION('ref_axis',(0.,0.,-1.));
#2722=DIRECTION('center_axis',(0.,1.,0.));
#2723=DIRECTION('ref_axis',(0.,0.,1.));
#2724=DIRECTION('',(0.,1.,0.));
#2725=DIRECTION('center_axis',(0.,-1.,0.));
#2726=DIRECTION('ref_axis',(0.,0.,-1.));
#2727=DIRECTION('center_axis',(0.,1.,0.));
#2728=DIRECTION('ref_axis',(0.,0.,1.));
#2729=DIRECTION('',(0.,1.,0.));
#2730=DIRECTION('center_axis',(0.,-1.,0.));
#2731=DIRECTION('ref_axis',(0.,0.,-1.));
#2732=DIRECTION('center_axis',(0.,1.,0.));
#2733=DIRECTION('ref_axis',(0.,0.,1.));
#2734=DIRECTION('',(0.,1.,0.));
#2735=DIRECTION('center_axis',(0.,-1.,0.));
#2736=DIRECTION('ref_axis',(0.,0.,-1.));
#2737=DIRECTION('center_axis',(1.,0.,0.));
#2738=DIRECTION('ref_axis',(0.,0.,-1.));
#2739=DIRECTION('',(0.,0.,1.));
#2740=DIRECTION('',(0.,-1.,0.));
#2741=DIRECTION('',(0.,0.,-1.));
#2742=DIRECTION('',(0.,-1.,0.));
#2743=DIRECTION('center_axis',(-8.60766725990955E-17,0.,-1.));
#2744=DIRECTION('ref_axis',(-1.,0.,8.60766725990955E-17));
#2745=DIRECTION('',(1.,0.,-8.60766725990955E-17));
#2746=DIRECTION('',(0.,-1.,0.));
#2747=DIRECTION('',(-1.,0.,8.60766725990955E-17));
#2748=DIRECTION('center_axis',(-1.,0.,0.));
#2749=DIRECTION('ref_axis',(0.,0.,1.));
#2750=DIRECTION('',(0.,0.,-1.));
#2751=DIRECTION('',(0.,-1.,0.));
#2752=DIRECTION('',(0.,0.,1.));
#2753=DIRECTION('center_axis',(0.,0.,1.));
#2754=DIRECTION('ref_axis',(1.,0.,0.));
#2755=DIRECTION('',(-1.,0.,0.));
#2756=DIRECTION('',(1.,0.,0.));
#2757=DIRECTION('center_axis',(0.,1.,0.));
#2758=DIRECTION('ref_axis',(-4.77327829489655E-15,0.,1.));
#2759=DIRECTION('',(0.,-1.,0.));
#2760=DIRECTION('center_axis',(0.,-1.,0.));
#2761=DIRECTION('ref_axis',(4.77327829489655E-15,0.,-1.));
#2762=DIRECTION('center_axis',(0.,0.,1.));
#2763=DIRECTION('ref_axis',(1.,0.,0.));
#2764=DIRECTION('',(-1.,0.,0.));
#2765=DIRECTION('',(0.,1.,0.));
#2766=DIRECTION('',(1.,0.,0.));
#2767=DIRECTION('center_axis',(0.,1.,0.));
#2768=DIRECTION('ref_axis',(3.0161584588042E-13,0.,-1.));
#2769=DIRECTION('center_axis',(0.,-1.,0.));
#2770=DIRECTION('ref_axis',(-3.0161584588042E-13,0.,1.));
#2771=DIRECTION('center_axis',(0.,1.,0.));
#2772=DIRECTION('ref_axis',(-1.06534037306387E-14,0.,-1.));
#2773=DIRECTION('',(0.,-1.,0.));
#2774=DIRECTION('center_axis',(0.,-1.,0.));
#2775=DIRECTION('ref_axis',(1.06534037306387E-14,0.,1.));
#2776=DIRECTION('center_axis',(0.,0.,-1.));
#2777=DIRECTION('ref_axis',(-1.,0.,0.));
#2778=DIRECTION('',(1.,0.,0.));
#2779=DIRECTION('',(0.,1.,0.));
#2780=DIRECTION('',(-1.,0.,0.));
#2781=DIRECTION('center_axis',(0.,1.,0.));
#2782=DIRECTION('ref_axis',(-4.91163418750225E-15,0.,1.));
#2783=DIRECTION('center_axis',(0.,-1.,0.));
#2784=DIRECTION('ref_axis',(4.91163418750225E-15,0.,-1.));
#2785=DIRECTION('center_axis',(0.,1.,0.));
#2786=DIRECTION('ref_axis',(2.07533838908546E-15,0.,1.));
#2787=DIRECTION('',(0.,-1.,0.));
#2788=DIRECTION('center_axis',(0.,-1.,0.));
#2789=DIRECTION('ref_axis',(-2.07533838908546E-15,0.,-1.));
#2790=DIRECTION('',(0.,1.,0.));
#2791=DIRECTION('center_axis',(-1.,0.,0.));
#2792=DIRECTION('ref_axis',(0.,0.,1.));
#2793=DIRECTION('',(0.,0.,-1.));
#2794=DIRECTION('',(0.,1.,0.));
#2795=DIRECTION('',(0.,0.,1.));
#2796=DIRECTION('center_axis',(0.,1.,0.));
#2797=DIRECTION('ref_axis',(2.07533838908546E-15,0.,1.));
#2798=DIRECTION('',(0.,-1.,0.));
#2799=DIRECTION('center_axis',(0.,-1.,0.));
#2800=DIRECTION('ref_axis',(-2.07533838908546E-15,0.,-1.));
#2801=DIRECTION('',(0.,1.,0.));
#2802=DIRECTION('center_axis',(-1.,0.,0.));
#2803=DIRECTION('ref_axis',(0.,0.,1.));
#2804=DIRECTION('',(0.,0.,-1.));
#2805=DIRECTION('',(0.,1.,0.));
#2806=DIRECTION('',(0.,0.,1.));
#2807=DIRECTION('center_axis',(0.,1.,0.));
#2808=DIRECTION('ref_axis',(4.77327829489655E-15,0.,1.));
#2809=DIRECTION('',(0.,-1.,0.));
#2810=DIRECTION('center_axis',(0.,-1.,0.));
#2811=DIRECTION('ref_axis',(-4.77327829489655E-15,0.,-1.));
#2812=DIRECTION('',(0.,1.,0.));
#2813=DIRECTION('center_axis',(-1.,0.,0.));
#2814=DIRECTION('ref_axis',(0.,0.,1.));
#2815=DIRECTION('',(0.,0.,-1.));
#2816=DIRECTION('',(0.,1.,0.));
#2817=DIRECTION('',(0.,0.,1.));
#2818=DIRECTION('center_axis',(0.,1.,0.));
#2819=DIRECTION('ref_axis',(-6.91779463028486E-17,0.,1.));
#2820=DIRECTION('',(0.,-1.,0.));
#2821=DIRECTION('center_axis',(0.,-1.,0.));
#2822=DIRECTION('ref_axis',(6.91779463028486E-17,0.,-1.));
#2823=DIRECTION('',(0.,1.,0.));
#2824=DIRECTION('center_axis',(-1.,0.,0.));
#2825=DIRECTION('ref_axis',(0.,0.,1.));
#2826=DIRECTION('',(0.,0.,-1.));
#2827=DIRECTION('',(0.,1.,0.));
#2828=DIRECTION('',(0.,0.,1.));
#2829=DIRECTION('center_axis',(0.,1.,0.));
#2830=DIRECTION('ref_axis',(4.77327829489655E-15,0.,1.));
#2831=DIRECTION('',(0.,-1.,0.));
#2832=DIRECTION('center_axis',(0.,-1.,0.));
#2833=DIRECTION('ref_axis',(-4.77327829489655E-15,0.,-1.));
#2834=DIRECTION('',(0.,1.,0.));
#2835=DIRECTION('center_axis',(-1.,0.,0.));
#2836=DIRECTION('ref_axis',(0.,0.,1.));
#2837=DIRECTION('',(0.,0.,-1.));
#2838=DIRECTION('',(0.,1.,0.));
#2839=DIRECTION('',(0.,0.,1.));
#2840=DIRECTION('center_axis',(0.,1.,0.));
#2841=DIRECTION('ref_axis',(-6.91779463028486E-17,0.,1.));
#2842=DIRECTION('',(0.,-1.,0.));
#2843=DIRECTION('center_axis',(0.,-1.,0.));
#2844=DIRECTION('ref_axis',(6.91779463028486E-17,0.,-1.));
#2845=DIRECTION('',(0.,1.,0.));
#2846=DIRECTION('center_axis',(-1.,0.,0.));
#2847=DIRECTION('ref_axis',(0.,0.,1.));
#2848=DIRECTION('',(0.,0.,-1.));
#2849=DIRECTION('',(0.,1.,0.));
#2850=DIRECTION('',(0.,0.,1.));
#2851=DIRECTION('center_axis',(0.,1.,0.));
#2852=DIRECTION('ref_axis',(-6.91779463028486E-17,0.,1.));
#2853=DIRECTION('',(0.,-1.,0.));
#2854=DIRECTION('center_axis',(0.,-1.,0.));
#2855=DIRECTION('ref_axis',(6.91779463028486E-17,0.,-1.));
#2856=DIRECTION('',(0.,1.,0.));
#2857=DIRECTION('center_axis',(-1.,0.,0.));
#2858=DIRECTION('ref_axis',(0.,0.,1.));
#2859=DIRECTION('',(0.,0.,-1.));
#2860=DIRECTION('',(0.,1.,0.));
#2861=DIRECTION('',(0.,0.,1.));
#2862=DIRECTION('center_axis',(0.,1.,0.));
#2863=DIRECTION('ref_axis',(4.77327829489655E-15,0.,1.));
#2864=DIRECTION('',(0.,-1.,0.));
#2865=DIRECTION('center_axis',(0.,-1.,0.));
#2866=DIRECTION('ref_axis',(-4.77327829489655E-15,0.,-1.));
#2867=DIRECTION('',(0.,1.,0.));
#2868=DIRECTION('center_axis',(-1.,0.,0.));
#2869=DIRECTION('ref_axis',(0.,0.,1.));
#2870=DIRECTION('',(0.,0.,-1.));
#2871=DIRECTION('',(0.,1.,0.));
#2872=DIRECTION('',(0.,0.,1.));
#2873=DIRECTION('center_axis',(0.,1.,0.));
#2874=DIRECTION('ref_axis',(2.07533838908546E-15,0.,1.));
#2875=DIRECTION('',(0.,-1.,0.));
#2876=DIRECTION('center_axis',(0.,-1.,0.));
#2877=DIRECTION('ref_axis',(-2.07533838908546E-15,0.,-1.));
#2878=DIRECTION('',(0.,1.,0.));
#2879=DIRECTION('center_axis',(-1.,0.,0.));
#2880=DIRECTION('ref_axis',(0.,0.,1.));
#2881=DIRECTION('',(0.,0.,-1.));
#2882=DIRECTION('',(0.,1.,0.));
#2883=DIRECTION('',(0.,0.,1.));
#2884=DIRECTION('center_axis',(0.,1.,0.));
#2885=DIRECTION('ref_axis',(-6.91779463028486E-17,0.,-1.));
#2886=DIRECTION('',(0.,-1.,0.));
#2887=DIRECTION('center_axis',(0.,-1.,0.));
#2888=DIRECTION('ref_axis',(6.91779463028486E-17,0.,1.));
#2889=DIRECTION('',(0.,1.,0.));
#2890=DIRECTION('center_axis',(0.,0.,-1.));
#2891=DIRECTION('ref_axis',(-1.,0.,0.));
#2892=DIRECTION('',(-1.,0.,0.));
#2893=DIRECTION('',(1.,0.,0.));
#2894=DIRECTION('center_axis',(0.,1.,0.));
#2895=DIRECTION('ref_axis',(-6.91779463028486E-17,0.,-1.));
#2896=DIRECTION('',(0.,-1.,0.));
#2897=DIRECTION('center_axis',(0.,-1.,0.));
#2898=DIRECTION('ref_axis',(6.91779463028486E-17,0.,1.));
#2899=DIRECTION('',(0.,1.,0.));
#2900=DIRECTION('center_axis',(0.,0.,-1.));
#2901=DIRECTION('ref_axis',(-1.,0.,0.));
#2902=DIRECTION('',(-1.,0.,0.));
#2903=DIRECTION('',(1.,0.,0.));
#2904=DIRECTION('center_axis',(0.,1.,0.));
#2905=DIRECTION('ref_axis',(-4.91163418750225E-15,0.,-1.));
#2906=DIRECTION('',(0.,-1.,0.));
#2907=DIRECTION('center_axis',(0.,-1.,0.));
#2908=DIRECTION('ref_axis',(4.91163418750225E-15,0.,1.));
#2909=DIRECTION('',(0.,1.,0.));
#2910=DIRECTION('center_axis',(0.,0.,-1.));
#2911=DIRECTION('ref_axis',(-1.,0.,0.));
#2912=DIRECTION('',(-1.,0.,0.));
#2913=DIRECTION('',(1.,0.,0.));
#2914=DIRECTION('center_axis',(0.,1.,0.));
#2915=DIRECTION('ref_axis',(4.77327829489655E-15,0.,-1.));
#2916=DIRECTION('',(0.,-1.,0.));
#2917=DIRECTION('center_axis',(0.,-1.,0.));
#2918=DIRECTION('ref_axis',(-4.77327829489655E-15,0.,1.));
#2919=DIRECTION('',(0.,1.,0.));
#2920=DIRECTION('center_axis',(0.,0.,-1.));
#2921=DIRECTION('ref_axis',(-1.,0.,0.));
#2922=DIRECTION('',(-1.,0.,0.));
#2923=DIRECTION('',(1.,0.,0.));
#2924=DIRECTION('center_axis',(0.,1.,0.));
#2925=DIRECTION('ref_axis',(4.77327829489655E-15,0.,-1.));
#2926=DIRECTION('',(0.,-1.,0.));
#2927=DIRECTION('center_axis',(0.,-1.,0.));
#2928=DIRECTION('ref_axis',(-4.77327829489655E-15,0.,1.));
#2929=DIRECTION('',(0.,1.,0.));
#2930=DIRECTION('center_axis',(0.,0.,-1.));
#2931=DIRECTION('ref_axis',(-1.,0.,0.));
#2932=DIRECTION('',(-1.,0.,0.));
#2933=DIRECTION('',(1.,0.,0.));
#2934=DIRECTION('center_axis',(0.,1.,0.));
#2935=DIRECTION('ref_axis',(-6.91779463028486E-17,0.,-1.));
#2936=DIRECTION('',(0.,-1.,0.));
#2937=DIRECTION('center_axis',(0.,-1.,0.));
#2938=DIRECTION('ref_axis',(6.91779463028486E-17,0.,1.));
#2939=DIRECTION('',(0.,1.,0.));
#2940=DIRECTION('center_axis',(0.,0.,-1.));
#2941=DIRECTION('ref_axis',(-1.,0.,0.));
#2942=DIRECTION('',(-1.,0.,0.));
#2943=DIRECTION('',(1.,0.,0.));
#2944=DIRECTION('center_axis',(0.,1.,0.));
#2945=DIRECTION('ref_axis',(-6.91779463028486E-17,0.,-1.));
#2946=DIRECTION('',(0.,-1.,0.));
#2947=DIRECTION('center_axis',(0.,-1.,0.));
#2948=DIRECTION('ref_axis',(6.91779463028486E-17,0.,1.));
#2949=DIRECTION('',(0.,1.,0.));
#2950=DIRECTION('center_axis',(0.,0.,-1.));
#2951=DIRECTION('ref_axis',(-1.,0.,0.));
#2952=DIRECTION('',(-1.,0.,0.));
#2953=DIRECTION('',(1.,0.,0.));
#2954=DIRECTION('center_axis',(0.,1.,0.));
#2955=DIRECTION('ref_axis',(-4.91163418750225E-15,0.,-1.));
#2956=DIRECTION('',(0.,-1.,0.));
#2957=DIRECTION('center_axis',(0.,-1.,0.));
#2958=DIRECTION('ref_axis',(4.91163418750225E-15,0.,1.));
#2959=DIRECTION('',(0.,1.,0.));
#2960=DIRECTION('center_axis',(0.,0.,-1.));
#2961=DIRECTION('ref_axis',(-1.,0.,0.));
#2962=DIRECTION('',(-1.,0.,0.));
#2963=DIRECTION('',(1.,0.,0.));
#2964=DIRECTION('center_axis',(0.,1.,0.));
#2965=DIRECTION('ref_axis',(-6.91779463028486E-17,0.,-1.));
#2966=DIRECTION('',(0.,-1.,0.));
#2967=DIRECTION('center_axis',(0.,-1.,0.));
#2968=DIRECTION('ref_axis',(6.91779463028486E-17,0.,1.));
#2969=DIRECTION('',(0.,1.,0.));
#2970=DIRECTION('center_axis',(0.,0.,-1.));
#2971=DIRECTION('ref_axis',(-1.,0.,0.));
#2972=DIRECTION('',(-1.,0.,0.));
#2973=DIRECTION('',(1.,0.,0.));
#2974=DIRECTION('center_axis',(0.,1.,0.));
#2975=DIRECTION('ref_axis',(-4.77327829489655E-15,0.,-1.));
#2976=DIRECTION('',(0.,-1.,0.));
#2977=DIRECTION('center_axis',(0.,-1.,0.));
#2978=DIRECTION('ref_axis',(4.77327829489655E-15,0.,1.));
#2979=DIRECTION('',(0.,1.,0.));
#2980=DIRECTION('center_axis',(1.,0.,0.));
#2981=DIRECTION('ref_axis',(0.,0.,-1.));
#2982=DIRECTION('',(0.,0.,-1.));
#2983=DIRECTION('',(0.,0.,1.));
#2984=DIRECTION('center_axis',(0.,1.,0.));
#2985=DIRECTION('ref_axis',(-4.77327829489655E-15,0.,-1.));
#2986=DIRECTION('',(0.,-1.,0.));
#2987=DIRECTION('center_axis',(0.,-1.,0.));
#2988=DIRECTION('ref_axis',(4.77327829489655E-15,0.,1.));
#2989=DIRECTION('',(0.,1.,0.));
#2990=DIRECTION('center_axis',(1.,0.,0.));
#2991=DIRECTION('ref_axis',(0.,0.,-1.));
#2992=DIRECTION('',(0.,0.,-1.));
#2993=DIRECTION('',(0.,0.,1.));
#2994=DIRECTION('center_axis',(0.,1.,0.));
#2995=DIRECTION('ref_axis',(4.91163418750225E-15,0.,-1.));
#2996=DIRECTION('',(0.,-1.,0.));
#2997=DIRECTION('center_axis',(0.,-1.,0.));
#2998=DIRECTION('ref_axis',(-4.91163418750225E-15,0.,1.));
#2999=DIRECTION('',(0.,1.,0.));
#3000=DIRECTION('center_axis',(1.,0.,0.));
#3001=DIRECTION('ref_axis',(0.,0.,-1.));
#3002=DIRECTION('',(0.,0.,-1.));
#3003=DIRECTION('',(0.,0.,1.));
#3004=DIRECTION('center_axis',(0.,1.,0.));
#3005=DIRECTION('ref_axis',(9.26984480458171E-15,0.,-1.));
#3006=DIRECTION('',(0.,-1.,0.));
#3007=DIRECTION('center_axis',(0.,-1.,0.));
#3008=DIRECTION('ref_axis',(-9.26984480458171E-15,0.,1.));
#3009=DIRECTION('',(0.,1.,0.));
#3010=DIRECTION('center_axis',(1.,0.,0.));
#3011=DIRECTION('ref_axis',(0.,0.,-1.));
#3012=DIRECTION('',(0.,0.,-1.));
#3013=DIRECTION('',(0.,0.,1.));
#3014=DIRECTION('center_axis',(0.,1.,0.));
#3015=DIRECTION('ref_axis',(6.91779463028486E-17,0.,-1.));
#3016=DIRECTION('',(0.,-1.,0.));
#3017=DIRECTION('center_axis',(0.,-1.,0.));
#3018=DIRECTION('ref_axis',(-6.91779463028486E-17,0.,1.));
#3019=DIRECTION('',(0.,1.,0.));
#3020=DIRECTION('center_axis',(1.,0.,0.));
#3021=DIRECTION('ref_axis',(0.,0.,-1.));
#3022=DIRECTION('',(0.,0.,-1.));
#3023=DIRECTION('',(0.,0.,1.));
#3024=DIRECTION('center_axis',(0.,1.,0.));
#3025=DIRECTION('ref_axis',(6.91779463028486E-17,0.,-1.));
#3026=DIRECTION('',(0.,-1.,0.));
#3027=DIRECTION('center_axis',(0.,-1.,0.));
#3028=DIRECTION('ref_axis',(-6.91779463028486E-17,0.,1.));
#3029=DIRECTION('',(0.,1.,0.));
#3030=DIRECTION('center_axis',(1.,0.,0.));
#3031=DIRECTION('ref_axis',(0.,0.,-1.));
#3032=DIRECTION('',(0.,0.,-1.));
#3033=DIRECTION('',(0.,0.,1.));
#3034=DIRECTION('center_axis',(0.,1.,0.));
#3035=DIRECTION('ref_axis',(6.91779463028486E-17,0.,-1.));
#3036=DIRECTION('',(0.,-1.,0.));
#3037=DIRECTION('center_axis',(0.,-1.,0.));
#3038=DIRECTION('ref_axis',(-6.91779463028486E-17,0.,1.));
#3039=DIRECTION('',(0.,1.,0.));
#3040=DIRECTION('center_axis',(1.,0.,0.));
#3041=DIRECTION('ref_axis',(0.,0.,-1.));
#3042=DIRECTION('',(0.,0.,-1.));
#3043=DIRECTION('',(0.,0.,1.));
#3044=DIRECTION('center_axis',(0.,1.,0.));
#3045=DIRECTION('ref_axis',(6.91779463028486E-17,0.,-1.));
#3046=DIRECTION('',(0.,-1.,0.));
#3047=DIRECTION('center_axis',(0.,-1.,0.));
#3048=DIRECTION('ref_axis',(-6.91779463028486E-17,0.,1.));
#3049=DIRECTION('',(0.,1.,0.));
#3050=DIRECTION('center_axis',(1.,0.,0.));
#3051=DIRECTION('ref_axis',(0.,0.,-1.));
#3052=DIRECTION('',(0.,0.,-1.));
#3053=DIRECTION('',(0.,0.,1.));
#3054=DIRECTION('center_axis',(0.,1.,0.));
#3055=DIRECTION('ref_axis',(9.26984480458171E-15,0.,-1.));
#3056=DIRECTION('',(0.,-1.,0.));
#3057=DIRECTION('center_axis',(0.,-1.,0.));
#3058=DIRECTION('ref_axis',(-9.26984480458171E-15,0.,1.));
#3059=DIRECTION('',(0.,1.,0.));
#3060=DIRECTION('center_axis',(1.,0.,0.));
#3061=DIRECTION('ref_axis',(0.,0.,-1.));
#3062=DIRECTION('',(0.,0.,-1.));
#3063=DIRECTION('',(0.,0.,1.));
#3064=DIRECTION('center_axis',(0.,1.,0.));
#3065=DIRECTION('ref_axis',(6.91779463028486E-17,0.,1.));
#3066=DIRECTION('',(0.,-1.,0.));
#3067=DIRECTION('center_axis',(0.,-1.,0.));
#3068=DIRECTION('ref_axis',(-6.91779463028486E-17,0.,-1.));
#3069=DIRECTION('center_axis',(0.,0.,1.));
#3070=DIRECTION('ref_axis',(1.,0.,0.));
#3071=DIRECTION('',(1.,0.,0.));
#3072=DIRECTION('',(-1.,0.,0.));
#3073=DIRECTION('center_axis',(0.,1.,0.));
#3074=DIRECTION('ref_axis',(6.91779463028486E-17,0.,1.));
#3075=DIRECTION('',(0.,-1.,0.));
#3076=DIRECTION('center_axis',(0.,-1.,0.));
#3077=DIRECTION('ref_axis',(-6.91779463028486E-17,0.,-1.));
#3078=DIRECTION('center_axis',(0.,0.,1.));
#3079=DIRECTION('ref_axis',(1.,0.,0.));
#3080=DIRECTION('',(1.,0.,0.));
#3081=DIRECTION('',(-1.,0.,0.));
#3082=DIRECTION('center_axis',(0.,1.,0.));
#3083=DIRECTION('ref_axis',(9.26984480458171E-15,0.,1.));
#3084=DIRECTION('',(0.,-1.,0.));
#3085=DIRECTION('center_axis',(0.,-1.,0.));
#3086=DIRECTION('ref_axis',(-9.26984480458171E-15,0.,-1.));
#3087=DIRECTION('center_axis',(0.,0.,1.));
#3088=DIRECTION('ref_axis',(1.,0.,0.));
#3089=DIRECTION('',(1.,0.,0.));
#3090=DIRECTION('',(-1.,0.,0.));
#3091=DIRECTION('center_axis',(0.,1.,0.));
#3092=DIRECTION('ref_axis',(6.91779463028486E-17,0.,1.));
#3093=DIRECTION('',(0.,-1.,0.));
#3094=DIRECTION('center_axis',(0.,-1.,0.));
#3095=DIRECTION('ref_axis',(-6.91779463028486E-17,0.,-1.));
#3096=DIRECTION('center_axis',(0.,0.,1.));
#3097=DIRECTION('ref_axis',(1.,0.,0.));
#3098=DIRECTION('',(1.,0.,0.));
#3099=DIRECTION('',(-1.,0.,0.));
#3100=DIRECTION('center_axis',(0.,1.,0.));
#3101=DIRECTION('ref_axis',(6.91779463028486E-17,0.,1.));
#3102=DIRECTION('',(0.,-1.,0.));
#3103=DIRECTION('center_axis',(0.,-1.,0.));
#3104=DIRECTION('ref_axis',(-6.91779463028486E-17,0.,-1.));
#3105=DIRECTION('center_axis',(0.,0.,1.));
#3106=DIRECTION('ref_axis',(1.,0.,0.));
#3107=DIRECTION('',(1.,0.,0.));
#3108=DIRECTION('',(-1.,0.,0.));
#3109=DIRECTION('center_axis',(0.,1.,0.));
#3110=DIRECTION('ref_axis',(9.26984480458171E-15,0.,1.));
#3111=DIRECTION('',(0.,-1.,0.));
#3112=DIRECTION('center_axis',(0.,-1.,0.));
#3113=DIRECTION('ref_axis',(-9.26984480458171E-15,0.,-1.));
#3114=DIRECTION('center_axis',(0.,0.,1.));
#3115=DIRECTION('ref_axis',(1.,0.,0.));
#3116=DIRECTION('',(1.,0.,0.));
#3117=DIRECTION('',(-1.,0.,0.));
#3118=DIRECTION('center_axis',(0.,1.,0.));
#3119=DIRECTION('ref_axis',(9.26984480458171E-15,0.,1.));
#3120=DIRECTION('',(0.,-1.,0.));
#3121=DIRECTION('center_axis',(0.,-1.,0.));
#3122=DIRECTION('ref_axis',(-9.26984480458171E-15,0.,-1.));
#3123=DIRECTION('center_axis',(0.,0.,1.));
#3124=DIRECTION('ref_axis',(1.,0.,0.));
#3125=DIRECTION('',(1.,0.,0.));
#3126=DIRECTION('',(-1.,0.,0.));
#3127=DIRECTION('center_axis',(0.,1.,0.));
#3128=DIRECTION('ref_axis',(6.91779463028486E-17,0.,1.));
#3129=DIRECTION('',(0.,-1.,0.));
#3130=DIRECTION('center_axis',(0.,-1.,0.));
#3131=DIRECTION('ref_axis',(-6.91779463028486E-17,0.,-1.));
#3132=DIRECTION('center_axis',(0.,0.,1.));
#3133=DIRECTION('ref_axis',(1.,0.,0.));
#3134=DIRECTION('',(1.,0.,0.));
#3135=DIRECTION('',(-1.,0.,0.));
#3136=DIRECTION('center_axis',(0.,1.,0.));
#3137=DIRECTION('ref_axis',(6.91779463028486E-17,0.,1.));
#3138=DIRECTION('',(0.,-1.,0.));
#3139=DIRECTION('center_axis',(0.,-1.,0.));
#3140=DIRECTION('ref_axis',(-6.91779463028486E-17,0.,-1.));
#3141=DIRECTION('center_axis',(0.,0.,1.));
#3142=DIRECTION('ref_axis',(1.,0.,0.));
#3143=DIRECTION('',(1.,0.,0.));
#3144=DIRECTION('',(-1.,0.,0.));
#3145=DIRECTION('center_axis',(0.,-1.,0.));
#3146=DIRECTION('ref_axis',(1.10684714084558E-16,0.,1.));
#3147=DIRECTION('',(0.,-1.,0.));
#3148=DIRECTION('center_axis',(0.,1.,0.));
#3149=DIRECTION('ref_axis',(-1.10684714084558E-16,0.,-1.));
#3150=DIRECTION('',(0.,1.,0.));
#3151=DIRECTION('center_axis',(0.,0.,-1.));
#3152=DIRECTION('ref_axis',(-1.,0.,0.));
#3153=DIRECTION('',(1.,0.,0.));
#3154=DIRECTION('',(0.,-1.,0.));
#3155=DIRECTION('',(-1.,0.,0.));
#3156=DIRECTION('center_axis',(0.,1.,0.));
#3157=DIRECTION('ref_axis',(0.,0.,1.));
#3158=DIRECTION('',(0.,0.,1.));
#3159=DIRECTION('center_axis',(0.,1.,0.));
#3160=DIRECTION('ref_axis',(1.10684714084558E-16,0.,-1.));
#3161=DIRECTION('',(-1.,0.,0.));
#3162=DIRECTION('center_axis',(0.,1.,0.));
#3163=DIRECTION('ref_axis',(1.10684714084558E-16,0.,1.));
#3164=DIRECTION('',(0.,0.,-1.));
#3165=DIRECTION('center_axis',(0.,1.,0.));
#3166=DIRECTION('ref_axis',(-1.10684714084558E-16,0.,1.));
#3167=DIRECTION('',(0.,0.,-1.));
#3168=DIRECTION('',(-1.,0.,0.));
#3169=DIRECTION('',(0.,0.,1.));
#3170=DIRECTION('',(1.,0.,0.));
#3171=DIRECTION('center_axis',(0.,-1.,0.));
#3172=DIRECTION('ref_axis',(1.10684714084558E-16,0.,-1.));
#3173=DIRECTION('',(0.,1.,0.));
#3174=DIRECTION('center_axis',(-1.,0.,0.));
#3175=DIRECTION('ref_axis',(0.,0.,1.));
#3176=DIRECTION('',(0.,-1.,0.));
#3177=DIRECTION('',(0.,0.,1.));
#3178=DIRECTION('center_axis',(0.,-1.,0.));
#3179=DIRECTION('ref_axis',(-1.10684714084558E-16,0.,-1.));
#3180=DIRECTION('',(0.,1.,0.));
#3181=DIRECTION('center_axis',(0.,0.,1.));
#3182=DIRECTION('ref_axis',(1.,0.,0.));
#3183=DIRECTION('',(0.,-1.,0.));
#3184=DIRECTION('',(1.,0.,0.));
#3185=DIRECTION('center_axis',(0.,-1.,0.));
#3186=DIRECTION('ref_axis',(-1.10684714084558E-16,0.,1.));
#3187=DIRECTION('',(0.,1.,0.));
#3188=DIRECTION('center_axis',(1.,0.,0.));
#3189=DIRECTION('ref_axis',(0.,0.,-1.));
#3190=DIRECTION('',(0.,0.,1.));
#3191=DIRECTION('',(0.,-1.,0.));
#3192=DIRECTION('',(0.,-1.,0.));
#3193=DIRECTION('center_axis',(0.,0.,-1.));
#3194=DIRECTION('ref_axis',(-1.,0.,0.));
#3195=DIRECTION('',(1.,0.,0.));
#3196=DIRECTION('',(0.,-1.,0.));
#3197=DIRECTION('center_axis',(-1.,0.,0.));
#3198=DIRECTION('ref_axis',(0.,0.,1.));
#3199=DIRECTION('',(0.,0.,-1.));
#3200=DIRECTION('',(0.,-1.,0.));
#3201=DIRECTION('center_axis',(0.,0.,1.));
#3202=DIRECTION('ref_axis',(1.,0.,0.));
#3203=DIRECTION('',(-1.,0.,0.));
#3204=DIRECTION('center_axis',(1.,0.,0.));
#3205=DIRECTION('ref_axis',(0.,0.,-1.));
#3206=DIRECTION('',(0.,0.,-1.));
#3207=DIRECTION('center_axis',(0.,1.,0.));
#3208=DIRECTION('ref_axis',(0.,0.,1.));
#3209=CARTESIAN_POINT('',(0.,0.,0.));
#3210=CARTESIAN_POINT('Origin',(93.1704129,0.,17.05185));
#3211=CARTESIAN_POINT('',(93.1704129,0.,17.05185));
#3212=CARTESIAN_POINT('',(72.1095129,0.,17.05185));
#3213=CARTESIAN_POINT('',(93.1704129,0.,17.05185));
#3214=CARTESIAN_POINT('',(72.1095129,1.8,17.05185));
#3215=CARTESIAN_POINT('',(72.1095129,0.9,17.05185));
#3216=CARTESIAN_POINT('',(93.1704129,1.8,17.05185));
#3217=CARTESIAN_POINT('',(93.1704129,1.8,17.05185));
#3218=CARTESIAN_POINT('',(93.1704129,0.9,17.05185));
#3219=CARTESIAN_POINT('Origin',(72.1095129,0.,18.556425));
#3220=CARTESIAN_POINT('',(72.1095129,0.,18.556425));
#3221=CARTESIAN_POINT('',(93.1704129,0.,18.556425));
#3222=CARTESIAN_POINT('',(72.1095129,0.,18.556425));
#3223=CARTESIAN_POINT('',(93.1704129,1.8,18.556425));
#3224=CARTESIAN_POINT('',(93.1704129,0.9,18.556425));
#3225=CARTESIAN_POINT('',(72.1095129,1.8,18.556425));
#3226=CARTESIAN_POINT('',(72.1095129,1.8,18.556425));
#3227=CARTESIAN_POINT('',(72.1095129,0.9,18.556425));
#3228=CARTESIAN_POINT('Origin',(93.1704129,1.8,13.03965));
#3229=CARTESIAN_POINT('',(93.1704129,1.8,14.0427));
#3230=CARTESIAN_POINT('',(93.1704129,1.8,31.16977875));
#3231=CARTESIAN_POINT('',(93.1704129,0.,14.0427));
#3232=CARTESIAN_POINT('',(93.1704129,1.8,14.0427));
#3233=CARTESIAN_POINT('',(93.1704129,0.,31.16977875));
#3234=CARTESIAN_POINT('Origin',(93.1704129,1.8,13.03965));
#3235=CARTESIAN_POINT('',(93.1704129,0.,21.06405));
#3236=CARTESIAN_POINT('',(93.1704129,0.,31.16977875));
#3237=CARTESIAN_POINT('',(93.1704129,1.8,21.06405));
#3238=CARTESIAN_POINT('',(93.1704129,0.9,21.06405));
#3239=CARTESIAN_POINT('',(93.1704129,1.8,31.16977875));
#3240=CARTESIAN_POINT('Origin',(72.1095129,1.8,34.1037));
#3241=CARTESIAN_POINT('',(72.1095129,1.8,21.06405));
#3242=CARTESIAN_POINT('',(72.1095129,1.8,41.70180375));
#3243=CARTESIAN_POINT('',(72.1095129,0.,21.06405));
#3244=CARTESIAN_POINT('',(72.1095129,0.9,21.06405));
#3245=CARTESIAN_POINT('',(72.1095129,0.,41.70180375));
#3246=CARTESIAN_POINT('Origin',(72.1095129,1.8,34.1037));
#3247=CARTESIAN_POINT('',(72.1095129,0.,14.0427));
#3248=CARTESIAN_POINT('',(72.1095129,0.,41.70180375));
#3249=CARTESIAN_POINT('',(72.1095129,1.8,14.0427));
#3250=CARTESIAN_POINT('',(72.1095129,1.8,14.0427));
#3251=CARTESIAN_POINT('',(72.1095129,1.8,41.70180375));
#3252=CARTESIAN_POINT('Origin',(93.1704129,0.,29.08845));
#3253=CARTESIAN_POINT('',(93.1704129,0.,29.08845));
#3254=CARTESIAN_POINT('',(72.1095129,0.,29.08845));
#3255=CARTESIAN_POINT('',(93.1704129,0.,29.08845));
#3256=CARTESIAN_POINT('',(72.1095129,1.8,29.08845));
#3257=CARTESIAN_POINT('',(72.1095129,0.9,29.08845));
#3258=CARTESIAN_POINT('',(93.1704129,1.8,29.08845));
#3259=CARTESIAN_POINT('',(93.1704129,1.8,29.08845));
#3260=CARTESIAN_POINT('',(93.1704129,0.9,29.08845));
#3261=CARTESIAN_POINT('Origin',(72.1095129,0.,30.593025));
#3262=CARTESIAN_POINT('',(72.1095129,0.,30.593025));
#3263=CARTESIAN_POINT('',(93.1704129,0.,30.593025));
#3264=CARTESIAN_POINT('',(72.1095129,0.,30.593025));
#3265=CARTESIAN_POINT('',(93.1704129,1.8,30.593025));
#3266=CARTESIAN_POINT('',(93.1704129,0.9,30.593025));
#3267=CARTESIAN_POINT('',(72.1095129,1.8,30.593025));
#3268=CARTESIAN_POINT('',(72.1095129,1.8,30.593025));
#3269=CARTESIAN_POINT('',(72.1095129,0.9,30.593025));
#3270=CARTESIAN_POINT('Origin',(93.1704129,1.8,13.03965));
#3271=CARTESIAN_POINT('',(93.1704129,1.8,26.580825));
#3272=CARTESIAN_POINT('',(93.1704129,1.8,31.16977875));
#3273=CARTESIAN_POINT('',(93.1704129,0.,26.580825));
#3274=CARTESIAN_POINT('',(93.1704129,0.9,26.580825));
#3275=CARTESIAN_POINT('',(93.1704129,0.,31.16977875));
#3276=CARTESIAN_POINT('Origin',(93.1704129,1.8,13.03965));
#3277=CARTESIAN_POINT('',(93.1704129,0.,33.10065));
#3278=CARTESIAN_POINT('',(93.1704129,0.,31.16977875));
#3279=CARTESIAN_POINT('',(93.1704129,1.8,33.10065));
#3280=CARTESIAN_POINT('',(93.1704129,1.8,33.10065));
#3281=CARTESIAN_POINT('',(93.1704129,1.8,31.16977875));
#3282=CARTESIAN_POINT('Origin',(72.1095129,1.8,34.1037));
#3283=CARTESIAN_POINT('',(72.1095129,1.8,33.10065));
#3284=CARTESIAN_POINT('',(72.1095129,1.8,41.70180375));
#3285=CARTESIAN_POINT('',(72.1095129,0.,33.10065));
#3286=CARTESIAN_POINT('',(72.1095129,1.8,33.10065));
#3287=CARTESIAN_POINT('',(72.1095129,0.,41.70180375));
#3288=CARTESIAN_POINT('Origin',(72.1095129,1.8,34.1037));
#3289=CARTESIAN_POINT('',(72.1095129,0.,26.580825));
#3290=CARTESIAN_POINT('',(72.1095129,0.,41.70180375));
#3291=CARTESIAN_POINT('',(72.1095129,1.8,26.580825));
#3292=CARTESIAN_POINT('',(72.1095129,0.9,26.580825));
#3293=CARTESIAN_POINT('',(72.1095129,1.8,41.70180375));
#3294=CARTESIAN_POINT('Origin',(93.1704129,0.,25.07625));
#3295=CARTESIAN_POINT('',(93.1704129,0.,25.07625));
#3296=CARTESIAN_POINT('',(72.1095129,0.,25.07625));
#3297=CARTESIAN_POINT('',(93.1704129,0.,25.07625));
#3298=CARTESIAN_POINT('',(72.1095129,1.8,25.07625));
#3299=CARTESIAN_POINT('',(72.1095129,0.9,25.07625));
#3300=CARTESIAN_POINT('',(93.1704129,1.8,25.07625));
#3301=CARTESIAN_POINT('',(93.1704129,1.8,25.07625));
#3302=CARTESIAN_POINT('',(93.1704129,0.9,25.07625));
#3303=CARTESIAN_POINT('Origin',(72.1095129,0.,26.580825));
#3304=CARTESIAN_POINT('',(72.1095129,0.,26.580825));
#3305=CARTESIAN_POINT('',(72.1095129,1.8,26.580825));
#3306=CARTESIAN_POINT('Origin',(93.1704129,1.8,13.03965));
#3307=CARTESIAN_POINT('',(93.1704129,1.8,22.568625));
#3308=CARTESIAN_POINT('',(93.1704129,1.8,31.16977875));
#3309=CARTESIAN_POINT('',(93.1704129,0.,22.568625));
#3310=CARTESIAN_POINT('',(93.1704129,0.9,22.568625));
#3311=CARTESIAN_POINT('',(93.1704129,0.,31.16977875));
#3312=CARTESIAN_POINT('Origin',(72.1095129,1.8,34.1037));
#3313=CARTESIAN_POINT('',(72.1095129,0.,22.568625));
#3314=CARTESIAN_POINT('',(72.1095129,0.,41.70180375));
#3315=CARTESIAN_POINT('',(72.1095129,1.8,22.568625));
#3316=CARTESIAN_POINT('',(72.1095129,0.9,22.568625));
#3317=CARTESIAN_POINT('',(72.1095129,1.8,41.70180375));
#3318=CARTESIAN_POINT('Origin',(93.1704129,0.,21.06405));
#3319=CARTESIAN_POINT('',(93.1704129,0.,21.06405));
#3320=CARTESIAN_POINT('',(93.1704129,1.8,21.06405));
#3321=CARTESIAN_POINT('Origin',(72.1095129,0.,22.568625));
#3322=CARTESIAN_POINT('',(72.1095129,0.,22.568625));
#3323=CARTESIAN_POINT('',(72.1095129,1.8,22.568625));
#3324=CARTESIAN_POINT('Ctrl Pts',(98.58507,-2.77555756156289E-16,91.87938));
#3325=CARTESIAN_POINT('Ctrl Pts',(96.88014,-2.77555756156289E-16,91.87938));
#3326=CARTESIAN_POINT('Ctrl Pts',(96.88014,-2.77555756156289E-16,93.584565));
#3327=CARTESIAN_POINT('Ctrl Pts',(96.88014,-2.77555756156289E-16,95.28975));
#3328=CARTESIAN_POINT('Ctrl Pts',(98.58507,-2.77555756156289E-16,95.28975));
#3329=CARTESIAN_POINT('Ctrl Pts',(100.29,-2.77555756156289E-16,95.28975));
#3330=CARTESIAN_POINT('Ctrl Pts',(100.29,-2.77555756156289E-16,93.584565));
#3331=CARTESIAN_POINT('Ctrl Pts',(100.29,-2.77555756156289E-16,91.87938));
#3332=CARTESIAN_POINT('Ctrl Pts',(98.58507,-2.77555756156289E-16,91.87938));
#3333=CARTESIAN_POINT('Ctrl Pts',(98.58507,1.8,91.87938));
#3334=CARTESIAN_POINT('Ctrl Pts',(96.88014,1.8,91.87938));
#3335=CARTESIAN_POINT('Ctrl Pts',(96.88014,1.8,93.584565));
#3336=CARTESIAN_POINT('Ctrl Pts',(96.88014,1.8,95.28975));
#3337=CARTESIAN_POINT('Ctrl Pts',(98.58507,1.8,95.28975));
#3338=CARTESIAN_POINT('Ctrl Pts',(100.29,1.8,95.28975));
#3339=CARTESIAN_POINT('Ctrl Pts',(100.29,1.8,93.584565));
#3340=CARTESIAN_POINT('Ctrl Pts',(100.29,1.8,91.87938));
#3341=CARTESIAN_POINT('Ctrl Pts',(98.58507,1.8,91.87938));
#3342=CARTESIAN_POINT('',(98.58507,-2.77555756156289E-16,91.87938));
#3343=CARTESIAN_POINT('Origin',(98.58507,0.,93.584565));
#3344=CARTESIAN_POINT('',(98.58507,1.8,91.87938));
#3345=CARTESIAN_POINT('',(98.58507,1.8,91.87938));
#3346=CARTESIAN_POINT('Origin',(98.58507,1.8,93.584565));
#3347=CARTESIAN_POINT('Ctrl Pts',(98.58507,-2.77555756156289E-16,3.31006507472723));
#3348=CARTESIAN_POINT('Ctrl Pts',(96.88014,-2.77555756156289E-16,3.31006507472723));
#3349=CARTESIAN_POINT('Ctrl Pts',(96.88014,-2.77555756156289E-16,5.01525007472723));
#3350=CARTESIAN_POINT('Ctrl Pts',(96.88014,-2.77555756156289E-16,6.72043507472723));
#3351=CARTESIAN_POINT('Ctrl Pts',(98.58507,-2.77555756156289E-16,6.72043507472723));
#3352=CARTESIAN_POINT('Ctrl Pts',(100.29,-2.77555756156289E-16,6.72043507472723));
#3353=CARTESIAN_POINT('Ctrl Pts',(100.29,-2.77555756156289E-16,5.01525007472723));
#3354=CARTESIAN_POINT('Ctrl Pts',(100.29,-2.77555756156289E-16,3.31006507472723));
#3355=CARTESIAN_POINT('Ctrl Pts',(98.58507,-2.77555756156289E-16,3.31006507472723));
#3356=CARTESIAN_POINT('Ctrl Pts',(98.58507,1.8,3.31006507472723));
#3357=CARTESIAN_POINT('Ctrl Pts',(96.88014,1.8,3.31006507472723));
#3358=CARTESIAN_POINT('Ctrl Pts',(96.88014,1.8,5.01525007472723));
#3359=CARTESIAN_POINT('Ctrl Pts',(96.88014,1.8,6.72043507472723));
#3360=CARTESIAN_POINT('Ctrl Pts',(98.58507,1.8,6.72043507472723));
#3361=CARTESIAN_POINT('Ctrl Pts',(100.29,1.8,6.72043507472723));
#3362=CARTESIAN_POINT('Ctrl Pts',(100.29,1.8,5.01525007472723));
#3363=CARTESIAN_POINT('Ctrl Pts',(100.29,1.8,3.31006507472723));
#3364=CARTESIAN_POINT('Ctrl Pts',(98.58507,1.8,3.31006507472723));
#3365=CARTESIAN_POINT('',(98.58507,-2.77555756156289E-16,3.31006507472723));
#3366=CARTESIAN_POINT('Origin',(98.58507,0.,5.01525007472723));
#3367=CARTESIAN_POINT('',(98.58507,1.8,3.31006507472723));
#3368=CARTESIAN_POINT('',(98.58507,1.8,3.31006507472723));
#3369=CARTESIAN_POINT('Origin',(98.58507,1.8,5.01525007472723));
#3370=CARTESIAN_POINT('Ctrl Pts',(5.0145,-2.77555756156289E-16,91.87938));
#3371=CARTESIAN_POINT('Ctrl Pts',(3.30957,-2.77555756156289E-16,91.87938));
#3372=CARTESIAN_POINT('Ctrl Pts',(3.30957,-2.77555756156289E-16,93.584565));
#3373=CARTESIAN_POINT('Ctrl Pts',(3.30957,-2.77555756156289E-16,95.28975));
#3374=CARTESIAN_POINT('Ctrl Pts',(5.0145,-2.77555756156289E-16,95.28975));
#3375=CARTESIAN_POINT('Ctrl Pts',(6.71943,-2.77555756156289E-16,95.28975));
#3376=CARTESIAN_POINT('Ctrl Pts',(6.71943,-2.77555756156289E-16,93.584565));
#3377=CARTESIAN_POINT('Ctrl Pts',(6.71943,-2.77555756156289E-16,91.87938));
#3378=CARTESIAN_POINT('Ctrl Pts',(5.0145,-2.77555756156289E-16,91.87938));
#3379=CARTESIAN_POINT('Ctrl Pts',(5.0145,1.8,91.87938));
#3380=CARTESIAN_POINT('Ctrl Pts',(3.30957,1.8,91.87938));
#3381=CARTESIAN_POINT('Ctrl Pts',(3.30957,1.8,93.584565));
#3382=CARTESIAN_POINT('Ctrl Pts',(3.30957,1.8,95.28975));
#3383=CARTESIAN_POINT('Ctrl Pts',(5.0145,1.8,95.28975));
#3384=CARTESIAN_POINT('Ctrl Pts',(6.71943,1.8,95.28975));
#3385=CARTESIAN_POINT('Ctrl Pts',(6.71943,1.8,93.584565));
#3386=CARTESIAN_POINT('Ctrl Pts',(6.71943,1.8,91.87938));
#3387=CARTESIAN_POINT('Ctrl Pts',(5.0145,1.8,91.87938));
#3388=CARTESIAN_POINT('',(5.0145,-2.77555756156289E-16,91.87938));
#3389=CARTESIAN_POINT('Origin',(5.0145,0.,93.584565));
#3390=CARTESIAN_POINT('',(5.0145,1.8,91.87938));
#3391=CARTESIAN_POINT('',(5.0145,1.8,91.87938));
#3392=CARTESIAN_POINT('Origin',(5.0145,1.8,93.584565));
#3393=CARTESIAN_POINT('Ctrl Pts',(5.0145,-2.77555756156289E-16,3.310065));
#3394=CARTESIAN_POINT('Ctrl Pts',(3.30957,-2.77555756156289E-16,3.310065));
#3395=CARTESIAN_POINT('Ctrl Pts',(3.30957,-2.77555756156289E-16,5.01525));
#3396=CARTESIAN_POINT('Ctrl Pts',(3.30957,-2.77555756156289E-16,6.720435));
#3397=CARTESIAN_POINT('Ctrl Pts',(5.0145,-2.77555756156289E-16,6.720435));
#3398=CARTESIAN_POINT('Ctrl Pts',(6.71943,-2.77555756156289E-16,6.720435));
#3399=CARTESIAN_POINT('Ctrl Pts',(6.71943,-2.77555756156289E-16,5.01525));
#3400=CARTESIAN_POINT('Ctrl Pts',(6.71943,-2.77555756156289E-16,3.310065));
#3401=CARTESIAN_POINT('Ctrl Pts',(5.0145,-2.77555756156289E-16,3.310065));
#3402=CARTESIAN_POINT('Ctrl Pts',(5.0145,1.8,3.310065));
#3403=CARTESIAN_POINT('Ctrl Pts',(3.30957,1.8,3.310065));
#3404=CARTESIAN_POINT('Ctrl Pts',(3.30957,1.8,5.01525));
#3405=CARTESIAN_POINT('Ctrl Pts',(3.30957,1.8,6.720435));
#3406=CARTESIAN_POINT('Ctrl Pts',(5.0145,1.8,6.720435));
#3407=CARTESIAN_POINT('Ctrl Pts',(6.71943,1.8,6.720435));
#3408=CARTESIAN_POINT('Ctrl Pts',(6.71943,1.8,5.01525));
#3409=CARTESIAN_POINT('Ctrl Pts',(6.71943,1.8,3.310065));
#3410=CARTESIAN_POINT('Ctrl Pts',(5.0145,1.8,3.310065));
#3411=CARTESIAN_POINT('',(5.0145,-2.77555756156289E-16,3.310065));
#3412=CARTESIAN_POINT('Origin',(5.0145,0.,5.01525));
#3413=CARTESIAN_POINT('',(5.0145,1.8,3.310065));
#3414=CARTESIAN_POINT('',(5.0145,1.8,3.310065));
#3415=CARTESIAN_POINT('Origin',(5.0145,1.8,5.01525));
#3416=CARTESIAN_POINT('Origin',(43.5770079,1.8,14.0427));
#3417=CARTESIAN_POINT('',(43.5770079,1.8,14.0427));
#3418=CARTESIAN_POINT('',(43.5770079,1.8,25.5276225));
#3419=CARTESIAN_POINT('',(43.5770079,1.8,31.67130375));
#3420=CARTESIAN_POINT('',(43.5770079,0.,14.0427));
#3421=CARTESIAN_POINT('',(43.5770079,1.8,14.0427));
#3422=CARTESIAN_POINT('',(43.5770079,0.,25.5276225));
#3423=CARTESIAN_POINT('',(43.5770079,0.,31.67130375));
#3424=CARTESIAN_POINT('',(43.5770079,1.8,25.5276225));
#3425=CARTESIAN_POINT('Origin',(17.7021879,1.8,14.0427));
#3426=CARTESIAN_POINT('',(17.7021879,1.8,14.0427));
#3427=CARTESIAN_POINT('',(34.75098645,1.8,14.0427));
#3428=CARTESIAN_POINT('',(17.7021879,0.,14.0427));
#3429=CARTESIAN_POINT('',(17.7021879,1.8,14.0427));
#3430=CARTESIAN_POINT('',(34.75098645,0.,14.0427));
#3431=CARTESIAN_POINT('Origin',(17.7021879,1.8,25.5276225));
#3432=CARTESIAN_POINT('',(17.7021879,1.8,25.5276225));
#3433=CARTESIAN_POINT('',(17.7021879,1.8,37.413765));
#3434=CARTESIAN_POINT('',(17.7021879,0.,25.5276225));
#3435=CARTESIAN_POINT('',(17.7021879,1.8,25.5276225));
#3436=CARTESIAN_POINT('',(17.7021879,0.,37.413765));
#3437=CARTESIAN_POINT('Origin',(43.5770079,1.8,25.5276225));
#3438=CARTESIAN_POINT('',(47.68839645,1.8,25.5276225));
#3439=CARTESIAN_POINT('',(47.68839645,0.,25.5276225));
#3440=CARTESIAN_POINT('Ctrl Pts',(72.1095129,0.,33.10065));
#3441=CARTESIAN_POINT('Ctrl Pts',(72.1095129,0.,34.1037));
#3442=CARTESIAN_POINT('Ctrl Pts',(73.1124129,0.,34.1037));
#3443=CARTESIAN_POINT('Ctrl Pts',(72.1095129,1.8,33.10065));
#3444=CARTESIAN_POINT('Ctrl Pts',(72.1095129,1.8,34.1037));
#3445=CARTESIAN_POINT('Ctrl Pts',(73.1124129,1.8,34.1037));
#3446=CARTESIAN_POINT('',(73.1124129,1.8,34.1037));
#3447=CARTESIAN_POINT('Origin',(73.1124129,1.8,33.10065));
#3448=CARTESIAN_POINT('',(73.1124129,0.,34.1037));
#3449=CARTESIAN_POINT('',(73.1124129,1.8,34.1037));
#3450=CARTESIAN_POINT('Origin',(73.1124129,0.,33.10065));
#3451=CARTESIAN_POINT('Origin',(93.1704129,1.8,34.1037));
#3452=CARTESIAN_POINT('',(92.1675129,1.8,34.1037));
#3453=CARTESIAN_POINT('',(72.48509895,1.8,34.1037));
#3454=CARTESIAN_POINT('',(92.1675129,0.,34.1037));
#3455=CARTESIAN_POINT('',(92.1675129,1.8,34.1037));
#3456=CARTESIAN_POINT('',(72.48509895,0.,34.1037));
#3457=CARTESIAN_POINT('Ctrl Pts',(92.1675128999997,0.,34.1037));
#3458=CARTESIAN_POINT('Ctrl Pts',(93.1704128999997,0.,34.1037000000003));
#3459=CARTESIAN_POINT('Ctrl Pts',(93.1704129,0.,33.1006500000003));
#3460=CARTESIAN_POINT('Ctrl Pts',(92.1675128999997,1.8,34.1037));
#3461=CARTESIAN_POINT('Ctrl Pts',(93.1704128999997,1.8,34.1037000000003));
#3462=CARTESIAN_POINT('Ctrl Pts',(93.1704129,1.8,33.1006500000003));
#3463=CARTESIAN_POINT('Origin',(92.1675129,1.8,33.10065));
#3464=CARTESIAN_POINT('Origin',(92.1675129,0.,33.10065));
#3465=CARTESIAN_POINT('Ctrl Pts',(93.1704129,0.,14.0427));
#3466=CARTESIAN_POINT('Ctrl Pts',(93.1704129,0.,13.03965));
#3467=CARTESIAN_POINT('Ctrl Pts',(92.1675129,0.,13.03965));
#3468=CARTESIAN_POINT('Ctrl Pts',(93.1704129,1.8,14.0427));
#3469=CARTESIAN_POINT('Ctrl Pts',(93.1704129,1.8,13.03965));
#3470=CARTESIAN_POINT('Ctrl Pts',(92.1675129,1.8,13.03965));
#3471=CARTESIAN_POINT('',(92.1675129,1.8,13.03965));
#3472=CARTESIAN_POINT('Origin',(92.1675129,1.8,14.0427));
#3473=CARTESIAN_POINT('',(92.1675129,0.,13.03965));
#3474=CARTESIAN_POINT('',(92.1675129,1.8,13.03965));
#3475=CARTESIAN_POINT('Origin',(92.1675129,0.,14.0427));
#3476=CARTESIAN_POINT('Origin',(72.1095129,1.8,13.03965));
#3477=CARTESIAN_POINT('',(73.1124129,1.8,13.03965));
#3478=CARTESIAN_POINT('',(61.95464895,1.8,13.03965));
#3479=CARTESIAN_POINT('',(73.1124129,0.,13.03965));
#3480=CARTESIAN_POINT('',(73.1124129,1.8,13.03965));
#3481=CARTESIAN_POINT('',(61.95464895,0.,13.03965));
#3482=CARTESIAN_POINT('Ctrl Pts',(73.1124129,0.,13.03965));
#3483=CARTESIAN_POINT('Ctrl Pts',(72.1095129,0.,13.03965));
#3484=CARTESIAN_POINT('Ctrl Pts',(72.1095129,0.,14.0427));
#3485=CARTESIAN_POINT('Ctrl Pts',(73.1124129,1.8,13.03965));
#3486=CARTESIAN_POINT('Ctrl Pts',(72.1095129,1.8,13.03965));
#3487=CARTESIAN_POINT('Ctrl Pts',(72.1095129,1.8,14.0427));
#3488=CARTESIAN_POINT('Origin',(73.1124129,1.8,14.0427));
#3489=CARTESIAN_POINT('Origin',(73.1124129,0.,14.0427));
#3490=CARTESIAN_POINT('Ctrl Pts',(15.414573,0.,70.00787475));
#3491=CARTESIAN_POINT('Ctrl Pts',(14.411673,0.,70.00787475));
#3492=CARTESIAN_POINT('Ctrl Pts',(14.411673,0.,71.01092475));
#3493=CARTESIAN_POINT('Ctrl Pts',(15.414573,1.8,70.00787475));
#3494=CARTESIAN_POINT('Ctrl Pts',(14.411673,1.8,70.00787475));
#3495=CARTESIAN_POINT('Ctrl Pts',(14.411673,1.8,71.01092475));
#3496=CARTESIAN_POINT('',(15.414573,1.8,70.00787475));
#3497=CARTESIAN_POINT('',(14.411673,1.8,71.01092475));
#3498=CARTESIAN_POINT('Origin',(15.414573,1.8,71.01092475));
#3499=CARTESIAN_POINT('',(14.411673,0.,71.01092475));
#3500=CARTESIAN_POINT('',(14.411673,1.8,71.01092475));
#3501=CARTESIAN_POINT('',(15.414573,0.,70.00787475));
#3502=CARTESIAN_POINT('Origin',(15.414573,0.,71.01092475));
#3503=CARTESIAN_POINT('',(15.414573,1.8,70.00787475));
#3504=CARTESIAN_POINT('Origin',(14.411673,1.8,84.05057475));
#3505=CARTESIAN_POINT('',(14.411673,1.8,83.04752475));
#3506=CARTESIAN_POINT('',(14.411673,1.8,66.675241125));
#3507=CARTESIAN_POINT('',(14.411673,0.,83.04752475));
#3508=CARTESIAN_POINT('',(14.411673,1.8,83.04752475));
#3509=CARTESIAN_POINT('',(14.411673,0.,66.675241125));
#3510=CARTESIAN_POINT('Ctrl Pts',(15.414573,0.,50.89977225));
#3511=CARTESIAN_POINT('Ctrl Pts',(14.411673,0.,50.89977225));
#3512=CARTESIAN_POINT('Ctrl Pts',(14.411673,0.,51.90282225));
#3513=CARTESIAN_POINT('Ctrl Pts',(15.414573,1.8,50.89977225));
#3514=CARTESIAN_POINT('Ctrl Pts',(14.411673,1.8,50.89977225));
#3515=CARTESIAN_POINT('Ctrl Pts',(14.411673,1.8,51.90282225));
#3516=CARTESIAN_POINT('',(15.414573,1.8,50.89977225));
#3517=CARTESIAN_POINT('',(14.411673,1.8,51.90282225));
#3518=CARTESIAN_POINT('Origin',(15.414573,1.8,51.90282225));
#3519=CARTESIAN_POINT('',(14.411673,0.,51.90282225));
#3520=CARTESIAN_POINT('',(14.411673,1.8,51.90282225));
#3521=CARTESIAN_POINT('',(15.414573,0.,50.89977225));
#3522=CARTESIAN_POINT('Origin',(15.414573,0.,51.90282225));
#3523=CARTESIAN_POINT('',(15.414573,1.8,50.89977225));
#3524=CARTESIAN_POINT('Origin',(14.411673,1.8,64.94247225));
#3525=CARTESIAN_POINT('',(14.411673,1.8,63.93942225));
#3526=CARTESIAN_POINT('',(14.411673,1.8,57.121189875));
#3527=CARTESIAN_POINT('',(14.411673,0.,63.93942225));
#3528=CARTESIAN_POINT('',(14.411673,1.8,63.93942225));
#3529=CARTESIAN_POINT('',(14.411673,0.,57.121189875));
#3530=CARTESIAN_POINT('Ctrl Pts',(34.519818,0.,70.00787475));
#3531=CARTESIAN_POINT('Ctrl Pts',(33.516918,0.,70.00787475));
#3532=CARTESIAN_POINT('Ctrl Pts',(33.516918,0.,71.01092475));
#3533=CARTESIAN_POINT('Ctrl Pts',(34.519818,1.8,70.00787475));
#3534=CARTESIAN_POINT('Ctrl Pts',(33.516918,1.8,70.00787475));
#3535=CARTESIAN_POINT('Ctrl Pts',(33.516918,1.8,71.01092475));
#3536=CARTESIAN_POINT('',(34.519818,1.8,70.00787475));
#3537=CARTESIAN_POINT('',(33.516918,1.8,71.01092475));
#3538=CARTESIAN_POINT('Origin',(34.519818,1.8,71.01092475));
#3539=CARTESIAN_POINT('',(33.516918,0.,71.01092475));
#3540=CARTESIAN_POINT('',(33.516918,1.8,71.01092475));
#3541=CARTESIAN_POINT('',(34.519818,0.,70.00787475));
#3542=CARTESIAN_POINT('Origin',(34.519818,0.,71.01092475));
#3543=CARTESIAN_POINT('',(34.519818,1.8,70.00787475));
#3544=CARTESIAN_POINT('Origin',(33.516918,1.8,84.05057475));
#3545=CARTESIAN_POINT('',(33.516918,1.8,83.04752475));
#3546=CARTESIAN_POINT('',(33.516918,1.8,66.675241125));
#3547=CARTESIAN_POINT('',(33.516918,0.,83.04752475));
#3548=CARTESIAN_POINT('',(33.516918,1.8,83.04752475));
#3549=CARTESIAN_POINT('',(33.516918,0.,66.675241125));
#3550=CARTESIAN_POINT('Ctrl Pts',(53.625063,0.,70.00787475));
#3551=CARTESIAN_POINT('Ctrl Pts',(52.622163,0.,70.00787475));
#3552=CARTESIAN_POINT('Ctrl Pts',(52.622163,0.,71.01092475));
#3553=CARTESIAN_POINT('Ctrl Pts',(53.625063,1.8,70.00787475));
#3554=CARTESIAN_POINT('Ctrl Pts',(52.622163,1.8,70.00787475));
#3555=CARTESIAN_POINT('Ctrl Pts',(52.622163,1.8,71.01092475));
#3556=CARTESIAN_POINT('',(53.625063,1.8,70.00787475));
#3557=CARTESIAN_POINT('',(52.622163,1.8,71.01092475));
#3558=CARTESIAN_POINT('Origin',(53.625063,1.8,71.01092475));
#3559=CARTESIAN_POINT('',(52.622163,0.,71.01092475));
#3560=CARTESIAN_POINT('',(52.622163,1.8,71.01092475));
#3561=CARTESIAN_POINT('',(53.625063,0.,70.00787475));
#3562=CARTESIAN_POINT('Origin',(53.625063,0.,71.01092475));
#3563=CARTESIAN_POINT('',(53.625063,1.8,70.00787475));
#3564=CARTESIAN_POINT('Origin',(52.622163,1.8,84.05057475));
#3565=CARTESIAN_POINT('',(52.622163,1.8,83.04752475));
#3566=CARTESIAN_POINT('',(52.622163,1.8,66.675241125));
#3567=CARTESIAN_POINT('',(52.622163,0.,83.04752475));
#3568=CARTESIAN_POINT('',(52.622163,1.8,83.04752475));
#3569=CARTESIAN_POINT('',(52.622163,0.,66.675241125));
#3570=CARTESIAN_POINT('Ctrl Pts',(34.519818,0.,50.89977225));
#3571=CARTESIAN_POINT('Ctrl Pts',(33.516918,0.,50.89977225));
#3572=CARTESIAN_POINT('Ctrl Pts',(33.516918,0.,51.90282225));
#3573=CARTESIAN_POINT('Ctrl Pts',(34.519818,1.8,50.89977225));
#3574=CARTESIAN_POINT('Ctrl Pts',(33.516918,1.8,50.89977225));
#3575=CARTESIAN_POINT('Ctrl Pts',(33.516918,1.8,51.90282225));
#3576=CARTESIAN_POINT('',(34.519818,1.8,50.89977225));
#3577=CARTESIAN_POINT('',(33.516918,1.8,51.90282225));
#3578=CARTESIAN_POINT('Origin',(34.519818,1.8,51.90282225));
#3579=CARTESIAN_POINT('',(33.516918,0.,51.90282225));
#3580=CARTESIAN_POINT('',(33.516918,1.8,51.90282225));
#3581=CARTESIAN_POINT('',(34.519818,0.,50.89977225));
#3582=CARTESIAN_POINT('Origin',(34.519818,0.,51.90282225));
#3583=CARTESIAN_POINT('',(34.519818,1.8,50.89977225));
#3584=CARTESIAN_POINT('Origin',(33.516918,1.8,64.94247225));
#3585=CARTESIAN_POINT('',(33.516918,1.8,63.93942225));
#3586=CARTESIAN_POINT('',(33.516918,1.8,57.121189875));
#3587=CARTESIAN_POINT('',(33.516918,0.,63.93942225));
#3588=CARTESIAN_POINT('',(33.516918,1.8,63.93942225));
#3589=CARTESIAN_POINT('',(33.516918,0.,57.121189875));
#3590=CARTESIAN_POINT('Ctrl Pts',(53.625063,0.,50.89977225));
#3591=CARTESIAN_POINT('Ctrl Pts',(52.622163,0.,50.89977225));
#3592=CARTESIAN_POINT('Ctrl Pts',(52.622163,0.,51.90282225));
#3593=CARTESIAN_POINT('Ctrl Pts',(53.625063,1.8,50.89977225));
#3594=CARTESIAN_POINT('Ctrl Pts',(52.622163,1.8,50.89977225));
#3595=CARTESIAN_POINT('Ctrl Pts',(52.622163,1.8,51.90282225));
#3596=CARTESIAN_POINT('',(53.625063,1.8,50.89977225));
#3597=CARTESIAN_POINT('',(52.622163,1.8,51.90282225));
#3598=CARTESIAN_POINT('Origin',(53.625063,1.8,51.90282225));
#3599=CARTESIAN_POINT('',(52.622163,0.,51.90282225));
#3600=CARTESIAN_POINT('',(52.622163,1.8,51.90282225));
#3601=CARTESIAN_POINT('',(53.625063,0.,50.89977225));
#3602=CARTESIAN_POINT('Origin',(53.625063,0.,51.90282225));
#3603=CARTESIAN_POINT('',(53.625063,1.8,50.89977225));
#3604=CARTESIAN_POINT('Origin',(52.622163,1.8,64.94247225));
#3605=CARTESIAN_POINT('',(52.622163,1.8,63.93942225));
#3606=CARTESIAN_POINT('',(52.622163,1.8,57.121189875));
#3607=CARTESIAN_POINT('',(52.622163,0.,63.93942225));
#3608=CARTESIAN_POINT('',(52.622163,1.8,63.93942225));
#3609=CARTESIAN_POINT('',(52.622163,0.,57.121189875));
#3610=CARTESIAN_POINT('Ctrl Pts',(53.625063,0.,31.79166975));
#3611=CARTESIAN_POINT('Ctrl Pts',(52.622163,0.,31.79166975));
#3612=CARTESIAN_POINT('Ctrl Pts',(52.622163,0.,32.79471975));
#3613=CARTESIAN_POINT('Ctrl Pts',(53.625063,1.8,31.79166975));
#3614=CARTESIAN_POINT('Ctrl Pts',(52.622163,1.8,31.79166975));
#3615=CARTESIAN_POINT('Ctrl Pts',(52.622163,1.8,32.79471975));
#3616=CARTESIAN_POINT('',(53.625063,1.8,31.79166975));
#3617=CARTESIAN_POINT('',(52.622163,1.8,32.79471975));
#3618=CARTESIAN_POINT('Origin',(53.625063,1.8,32.79471975));
#3619=CARTESIAN_POINT('',(52.622163,0.,32.79471975));
#3620=CARTESIAN_POINT('',(52.622163,1.8,32.79471975));
#3621=CARTESIAN_POINT('',(53.625063,0.,31.79166975));
#3622=CARTESIAN_POINT('Origin',(53.625063,0.,32.79471975));
#3623=CARTESIAN_POINT('',(53.625063,1.8,31.79166975));
#3624=CARTESIAN_POINT('Origin',(52.622163,1.8,45.83436975));
#3625=CARTESIAN_POINT('',(52.622163,1.8,44.83131975));
#3626=CARTESIAN_POINT('',(52.622163,1.8,47.567138625));
#3627=CARTESIAN_POINT('',(52.622163,0.,44.83131975));
#3628=CARTESIAN_POINT('',(52.622163,1.8,44.83131975));
#3629=CARTESIAN_POINT('',(52.622163,0.,47.567138625));
#3630=CARTESIAN_POINT('Ctrl Pts',(34.519818,0.,31.79166975));
#3631=CARTESIAN_POINT('Ctrl Pts',(33.516918,0.,31.79166975));
#3632=CARTESIAN_POINT('Ctrl Pts',(33.516918,0.,32.79471975));
#3633=CARTESIAN_POINT('Ctrl Pts',(34.519818,1.8,31.79166975));
#3634=CARTESIAN_POINT('Ctrl Pts',(33.516918,1.8,31.79166975));
#3635=CARTESIAN_POINT('Ctrl Pts',(33.516918,1.8,32.79471975));
#3636=CARTESIAN_POINT('',(34.519818,1.8,31.79166975));
#3637=CARTESIAN_POINT('',(33.516918,1.8,32.79471975));
#3638=CARTESIAN_POINT('Origin',(34.519818,1.8,32.79471975));
#3639=CARTESIAN_POINT('',(33.516918,0.,32.79471975));
#3640=CARTESIAN_POINT('',(33.516918,1.8,32.79471975));
#3641=CARTESIAN_POINT('',(34.519818,0.,31.79166975));
#3642=CARTESIAN_POINT('Origin',(34.519818,0.,32.79471975));
#3643=CARTESIAN_POINT('',(34.519818,1.8,31.79166975));
#3644=CARTESIAN_POINT('Origin',(33.516918,1.8,45.83436975));
#3645=CARTESIAN_POINT('',(33.516918,1.8,44.83131975));
#3646=CARTESIAN_POINT('',(33.516918,1.8,47.567138625));
#3647=CARTESIAN_POINT('',(33.516918,0.,44.83131975));
#3648=CARTESIAN_POINT('',(33.516918,1.8,44.83131975));
#3649=CARTESIAN_POINT('',(33.516918,0.,47.567138625));
#3650=CARTESIAN_POINT('Ctrl Pts',(15.414573,0.,31.79166975));
#3651=CARTESIAN_POINT('Ctrl Pts',(14.411673,0.,31.79166975));
#3652=CARTESIAN_POINT('Ctrl Pts',(14.411673,0.,32.79471975));
#3653=CARTESIAN_POINT('Ctrl Pts',(15.414573,1.8,31.79166975));
#3654=CARTESIAN_POINT('Ctrl Pts',(14.411673,1.8,31.79166975));
#3655=CARTESIAN_POINT('Ctrl Pts',(14.411673,1.8,32.79471975));
#3656=CARTESIAN_POINT('',(15.414573,1.8,31.79166975));
#3657=CARTESIAN_POINT('',(14.411673,1.8,32.79471975));
#3658=CARTESIAN_POINT('Origin',(15.414573,1.8,32.79471975));
#3659=CARTESIAN_POINT('',(14.411673,0.,32.79471975));
#3660=CARTESIAN_POINT('',(14.411673,1.8,32.79471975));
#3661=CARTESIAN_POINT('',(15.414573,0.,31.79166975));
#3662=CARTESIAN_POINT('Origin',(15.414573,0.,32.79471975));
#3663=CARTESIAN_POINT('',(15.414573,1.8,31.79166975));
#3664=CARTESIAN_POINT('Origin',(14.411673,1.8,45.83436975));
#3665=CARTESIAN_POINT('',(14.411673,1.8,44.83131975));
#3666=CARTESIAN_POINT('',(14.411673,1.8,47.567138625));
#3667=CARTESIAN_POINT('',(14.411673,0.,44.83131975));
#3668=CARTESIAN_POINT('',(14.411673,1.8,44.83131975));
#3669=CARTESIAN_POINT('',(14.411673,0.,47.567138625));
#3670=CARTESIAN_POINT('Ctrl Pts',(66.662763,0.,71.01092475));
#3671=CARTESIAN_POINT('Ctrl Pts',(66.662763,0.,70.00787475));
#3672=CARTESIAN_POINT('Ctrl Pts',(65.659863,0.,70.00787475));
#3673=CARTESIAN_POINT('Ctrl Pts',(66.662763,1.8,71.01092475));
#3674=CARTESIAN_POINT('Ctrl Pts',(66.662763,1.8,70.00787475));
#3675=CARTESIAN_POINT('Ctrl Pts',(65.659863,1.8,70.00787475));
#3676=CARTESIAN_POINT('',(66.662763,1.8,71.01092475));
#3677=CARTESIAN_POINT('',(65.659863,1.8,70.00787475));
#3678=CARTESIAN_POINT('Origin',(65.659863,1.8,71.01092475));
#3679=CARTESIAN_POINT('',(65.659863,0.,70.00787475));
#3680=CARTESIAN_POINT('',(65.659863,1.8,70.00787475));
#3681=CARTESIAN_POINT('',(66.662763,0.,71.01092475));
#3682=CARTESIAN_POINT('Origin',(65.659863,0.,71.01092475));
#3683=CARTESIAN_POINT('',(66.662763,1.8,71.01092475));
#3684=CARTESIAN_POINT('Origin',(52.622163,1.8,70.00787475));
#3685=CARTESIAN_POINT('',(52.210974,0.,70.00787475));
#3686=CARTESIAN_POINT('',(52.210974,1.8,70.00787475));
#3687=CARTESIAN_POINT('Ctrl Pts',(66.662763,0.,51.90282225));
#3688=CARTESIAN_POINT('Ctrl Pts',(66.662763,0.,50.89977225));
#3689=CARTESIAN_POINT('Ctrl Pts',(65.659863,0.,50.89977225));
#3690=CARTESIAN_POINT('Ctrl Pts',(66.662763,1.8,51.90282225));
#3691=CARTESIAN_POINT('Ctrl Pts',(66.662763,1.8,50.89977225));
#3692=CARTESIAN_POINT('Ctrl Pts',(65.659863,1.8,50.89977225));
#3693=CARTESIAN_POINT('',(66.662763,1.8,51.90282225));
#3694=CARTESIAN_POINT('',(65.659863,1.8,50.89977225));
#3695=CARTESIAN_POINT('Origin',(65.659863,1.8,51.90282225));
#3696=CARTESIAN_POINT('',(65.659863,0.,50.89977225));
#3697=CARTESIAN_POINT('',(65.659863,1.8,50.89977225));
#3698=CARTESIAN_POINT('',(66.662763,0.,51.90282225));
#3699=CARTESIAN_POINT('Origin',(65.659863,0.,51.90282225));
#3700=CARTESIAN_POINT('',(66.662763,1.8,51.90282225));
#3701=CARTESIAN_POINT('Origin',(52.622163,1.8,50.89977225));
#3702=CARTESIAN_POINT('',(52.210974,0.,50.89977225));
#3703=CARTESIAN_POINT('',(52.210974,1.8,50.89977225));
#3704=CARTESIAN_POINT('Ctrl Pts',(66.662763,0.,32.79471975));
#3705=CARTESIAN_POINT('Ctrl Pts',(66.662763,0.,31.79166975));
#3706=CARTESIAN_POINT('Ctrl Pts',(65.659863,0.,31.79166975));
#3707=CARTESIAN_POINT('Ctrl Pts',(66.662763,1.8,32.79471975));
#3708=CARTESIAN_POINT('Ctrl Pts',(66.662763,1.8,31.79166975));
#3709=CARTESIAN_POINT('Ctrl Pts',(65.659863,1.8,31.79166975));
#3710=CARTESIAN_POINT('',(66.662763,1.8,32.79471975));
#3711=CARTESIAN_POINT('',(65.659863,1.8,31.79166975));
#3712=CARTESIAN_POINT('Origin',(65.659863,1.8,32.79471975));
#3713=CARTESIAN_POINT('',(65.659863,0.,31.79166975));
#3714=CARTESIAN_POINT('',(65.659863,1.8,31.79166975));
#3715=CARTESIAN_POINT('',(66.662763,0.,32.79471975));
#3716=CARTESIAN_POINT('Origin',(65.659863,0.,32.79471975));
#3717=CARTESIAN_POINT('',(66.662763,1.8,32.79471975));
#3718=CARTESIAN_POINT('Origin',(52.622163,1.8,31.79166975));
#3719=CARTESIAN_POINT('',(52.210974,0.,31.79166975));
#3720=CARTESIAN_POINT('',(52.210974,1.8,31.79166975));
#3721=CARTESIAN_POINT('Ctrl Pts',(28.452273,0.,51.90282225));
#3722=CARTESIAN_POINT('Ctrl Pts',(28.452273,0.,50.89977225));
#3723=CARTESIAN_POINT('Ctrl Pts',(27.449373,0.,50.89977225));
#3724=CARTESIAN_POINT('Ctrl Pts',(28.452273,1.8,51.90282225));
#3725=CARTESIAN_POINT('Ctrl Pts',(28.452273,1.8,50.89977225));
#3726=CARTESIAN_POINT('Ctrl Pts',(27.449373,1.8,50.89977225));
#3727=CARTESIAN_POINT('',(28.452273,1.8,51.90282225));
#3728=CARTESIAN_POINT('',(27.449373,1.8,50.89977225));
#3729=CARTESIAN_POINT('Origin',(27.449373,1.8,51.90282225));
#3730=CARTESIAN_POINT('',(27.449373,0.,50.89977225));
#3731=CARTESIAN_POINT('',(27.449373,1.8,50.89977225));
#3732=CARTESIAN_POINT('',(28.452273,0.,51.90282225));
#3733=CARTESIAN_POINT('Origin',(27.449373,0.,51.90282225));
#3734=CARTESIAN_POINT('',(28.452273,1.8,51.90282225));
#3735=CARTESIAN_POINT('Origin',(14.411673,1.8,50.89977225));
#3736=CARTESIAN_POINT('',(33.105729,0.,50.89977225));
#3737=CARTESIAN_POINT('',(33.105729,1.8,50.89977225));
#3738=CARTESIAN_POINT('Ctrl Pts',(28.452273,0.,71.01092475));
#3739=CARTESIAN_POINT('Ctrl Pts',(28.452273,0.,70.00787475));
#3740=CARTESIAN_POINT('Ctrl Pts',(27.449373,0.,70.00787475));
#3741=CARTESIAN_POINT('Ctrl Pts',(28.452273,1.8,71.01092475));
#3742=CARTESIAN_POINT('Ctrl Pts',(28.452273,1.8,70.00787475));
#3743=CARTESIAN_POINT('Ctrl Pts',(27.449373,1.8,70.00787475));
#3744=CARTESIAN_POINT('',(28.452273,1.8,71.01092475));
#3745=CARTESIAN_POINT('',(27.449373,1.8,70.00787475));
#3746=CARTESIAN_POINT('Origin',(27.449373,1.8,71.01092475));
#3747=CARTESIAN_POINT('',(27.449373,0.,70.00787475));
#3748=CARTESIAN_POINT('',(27.449373,1.8,70.00787475));
#3749=CARTESIAN_POINT('',(28.452273,0.,71.01092475));
#3750=CARTESIAN_POINT('Origin',(27.449373,0.,71.01092475));
#3751=CARTESIAN_POINT('',(28.452273,1.8,71.01092475));
#3752=CARTESIAN_POINT('Origin',(14.411673,1.8,70.00787475));
#3753=CARTESIAN_POINT('',(33.105729,0.,70.00787475));
#3754=CARTESIAN_POINT('',(33.105729,1.8,70.00787475));
#3755=CARTESIAN_POINT('Ctrl Pts',(47.557518,0.,71.01092475));
#3756=CARTESIAN_POINT('Ctrl Pts',(47.557518,0.,70.00787475));
#3757=CARTESIAN_POINT('Ctrl Pts',(46.554618,0.,70.00787475));
#3758=CARTESIAN_POINT('Ctrl Pts',(47.557518,1.8,71.01092475));
#3759=CARTESIAN_POINT('Ctrl Pts',(47.557518,1.8,70.00787475));
#3760=CARTESIAN_POINT('Ctrl Pts',(46.554618,1.8,70.00787475));
#3761=CARTESIAN_POINT('',(47.557518,1.8,71.01092475));
#3762=CARTESIAN_POINT('',(46.554618,1.8,70.00787475));
#3763=CARTESIAN_POINT('Origin',(46.554618,1.8,71.01092475));
#3764=CARTESIAN_POINT('',(46.554618,0.,70.00787475));
#3765=CARTESIAN_POINT('',(46.554618,1.8,70.00787475));
#3766=CARTESIAN_POINT('',(47.557518,0.,71.01092475));
#3767=CARTESIAN_POINT('Origin',(46.554618,0.,71.01092475));
#3768=CARTESIAN_POINT('',(47.557518,1.8,71.01092475));
#3769=CARTESIAN_POINT('Origin',(33.516918,1.8,70.00787475));
#3770=CARTESIAN_POINT('',(42.6583515,0.,70.00787475));
#3771=CARTESIAN_POINT('',(42.6583515,1.8,70.00787475));
#3772=CARTESIAN_POINT('Ctrl Pts',(47.557518,0.,51.90282225));
#3773=CARTESIAN_POINT('Ctrl Pts',(47.557518,0.,50.89977225));
#3774=CARTESIAN_POINT('Ctrl Pts',(46.554618,0.,50.89977225));
#3775=CARTESIAN_POINT('Ctrl Pts',(47.557518,1.8,51.90282225));
#3776=CARTESIAN_POINT('Ctrl Pts',(47.557518,1.8,50.89977225));
#3777=CARTESIAN_POINT('Ctrl Pts',(46.554618,1.8,50.89977225));
#3778=CARTESIAN_POINT('',(47.557518,1.8,51.90282225));
#3779=CARTESIAN_POINT('',(46.554618,1.8,50.89977225));
#3780=CARTESIAN_POINT('Origin',(46.554618,1.8,51.90282225));
#3781=CARTESIAN_POINT('',(46.554618,0.,50.89977225));
#3782=CARTESIAN_POINT('',(46.554618,1.8,50.89977225));
#3783=CARTESIAN_POINT('',(47.557518,0.,51.90282225));
#3784=CARTESIAN_POINT('Origin',(46.554618,0.,51.90282225));
#3785=CARTESIAN_POINT('',(47.557518,1.8,51.90282225));
#3786=CARTESIAN_POINT('Origin',(33.516918,1.8,50.89977225));
#3787=CARTESIAN_POINT('',(42.6583515,0.,50.89977225));
#3788=CARTESIAN_POINT('',(42.6583515,1.8,50.89977225));
#3789=CARTESIAN_POINT('Ctrl Pts',(47.557518,0.,32.79471975));
#3790=CARTESIAN_POINT('Ctrl Pts',(47.557518,0.,31.79166975));
#3791=CARTESIAN_POINT('Ctrl Pts',(46.554618,0.,31.79166975));
#3792=CARTESIAN_POINT('Ctrl Pts',(47.557518,1.8,32.79471975));
#3793=CARTESIAN_POINT('Ctrl Pts',(47.557518,1.8,31.79166975));
#3794=CARTESIAN_POINT('Ctrl Pts',(46.554618,1.8,31.79166975));
#3795=CARTESIAN_POINT('',(47.557518,1.8,32.79471975));
#3796=CARTESIAN_POINT('',(46.554618,1.8,31.79166975));
#3797=CARTESIAN_POINT('Origin',(46.554618,1.8,32.79471975));
#3798=CARTESIAN_POINT('',(46.554618,0.,31.79166975));
#3799=CARTESIAN_POINT('',(46.554618,1.8,31.79166975));
#3800=CARTESIAN_POINT('',(47.557518,0.,32.79471975));
#3801=CARTESIAN_POINT('Origin',(46.554618,0.,32.79471975));
#3802=CARTESIAN_POINT('',(47.557518,1.8,32.79471975));
#3803=CARTESIAN_POINT('Origin',(33.516918,1.8,31.79166975));
#3804=CARTESIAN_POINT('',(42.6583515,0.,31.79166975));
#3805=CARTESIAN_POINT('',(42.6583515,1.8,31.79166975));
#3806=CARTESIAN_POINT('Ctrl Pts',(28.452273,0.,32.79471975));
#3807=CARTESIAN_POINT('Ctrl Pts',(28.452273,0.,31.79166975));
#3808=CARTESIAN_POINT('Ctrl Pts',(27.449373,0.,31.79166975));
#3809=CARTESIAN_POINT('Ctrl Pts',(28.452273,1.8,32.79471975));
#3810=CARTESIAN_POINT('Ctrl Pts',(28.452273,1.8,31.79166975));
#3811=CARTESIAN_POINT('Ctrl Pts',(27.449373,1.8,31.79166975));
#3812=CARTESIAN_POINT('',(28.452273,1.8,32.79471975));
#3813=CARTESIAN_POINT('',(27.449373,1.8,31.79166975));
#3814=CARTESIAN_POINT('Origin',(27.449373,1.8,32.79471975));
#3815=CARTESIAN_POINT('',(27.449373,0.,31.79166975));
#3816=CARTESIAN_POINT('',(27.449373,1.8,31.79166975));
#3817=CARTESIAN_POINT('',(28.452273,0.,32.79471975));
#3818=CARTESIAN_POINT('Origin',(27.449373,0.,32.79471975));
#3819=CARTESIAN_POINT('',(28.452273,1.8,32.79471975));
#3820=CARTESIAN_POINT('Origin',(14.411673,1.8,31.79166975));
#3821=CARTESIAN_POINT('',(33.105729,0.,31.79166975));
#3822=CARTESIAN_POINT('',(33.105729,1.8,31.79166975));
#3823=CARTESIAN_POINT('Ctrl Pts',(27.449373,0.,45.83436975));
#3824=CARTESIAN_POINT('Ctrl Pts',(28.452273,0.,45.83436975));
#3825=CARTESIAN_POINT('Ctrl Pts',(28.452273,0.,44.83131975));
#3826=CARTESIAN_POINT('Ctrl Pts',(27.449373,1.8,45.83436975));
#3827=CARTESIAN_POINT('Ctrl Pts',(28.452273,1.8,45.83436975));
#3828=CARTESIAN_POINT('Ctrl Pts',(28.452273,1.8,44.83131975));
#3829=CARTESIAN_POINT('',(27.449373,1.8,45.83436975));
#3830=CARTESIAN_POINT('',(28.452273,1.8,44.83131975));
#3831=CARTESIAN_POINT('Origin',(27.449373,1.8,44.83131975));
#3832=CARTESIAN_POINT('',(28.452273,0.,44.83131975));
#3833=CARTESIAN_POINT('',(28.452273,1.8,44.83131975));
#3834=CARTESIAN_POINT('',(27.449373,0.,45.83436975));
#3835=CARTESIAN_POINT('Origin',(27.449373,0.,44.83131975));
#3836=CARTESIAN_POINT('',(27.449373,1.8,45.83436975));
#3837=CARTESIAN_POINT('Origin',(28.452273,1.8,31.79166975));
#3838=CARTESIAN_POINT('',(28.452273,0.,40.545788625));
#3839=CARTESIAN_POINT('',(28.452273,1.8,40.545788625));
#3840=CARTESIAN_POINT('Ctrl Pts',(27.449373,0.,64.94247225));
#3841=CARTESIAN_POINT('Ctrl Pts',(28.452273,0.,64.94247225));
#3842=CARTESIAN_POINT('Ctrl Pts',(28.452273,0.,63.93942225));
#3843=CARTESIAN_POINT('Ctrl Pts',(27.449373,1.8,64.94247225));
#3844=CARTESIAN_POINT('Ctrl Pts',(28.452273,1.8,64.94247225));
#3845=CARTESIAN_POINT('Ctrl Pts',(28.452273,1.8,63.93942225));
#3846=CARTESIAN_POINT('',(27.449373,1.8,64.94247225));
#3847=CARTESIAN_POINT('',(28.452273,1.8,63.93942225));
#3848=CARTESIAN_POINT('Origin',(27.449373,1.8,63.93942225));
#3849=CARTESIAN_POINT('',(28.452273,0.,63.93942225));
#3850=CARTESIAN_POINT('',(28.452273,1.8,63.93942225));
#3851=CARTESIAN_POINT('',(27.449373,0.,64.94247225));
#3852=CARTESIAN_POINT('Origin',(27.449373,0.,63.93942225));
#3853=CARTESIAN_POINT('',(27.449373,1.8,64.94247225));
#3854=CARTESIAN_POINT('Origin',(28.452273,1.8,50.89977225));
#3855=CARTESIAN_POINT('',(28.452273,0.,50.099839875));
#3856=CARTESIAN_POINT('',(28.452273,1.8,50.099839875));
#3857=CARTESIAN_POINT('Ctrl Pts',(27.449373,0.,84.05057475));
#3858=CARTESIAN_POINT('Ctrl Pts',(28.452273,0.,84.05057475));
#3859=CARTESIAN_POINT('Ctrl Pts',(28.452273,0.,83.04752475));
#3860=CARTESIAN_POINT('Ctrl Pts',(27.449373,1.8,84.05057475));
#3861=CARTESIAN_POINT('Ctrl Pts',(28.452273,1.8,84.05057475));
#3862=CARTESIAN_POINT('Ctrl Pts',(28.452273,1.8,83.04752475));
#3863=CARTESIAN_POINT('',(27.449373,1.8,84.05057475));
#3864=CARTESIAN_POINT('',(28.452273,1.8,83.04752475));
#3865=CARTESIAN_POINT('Origin',(27.449373,1.8,83.04752475));
#3866=CARTESIAN_POINT('',(28.452273,0.,83.04752475));
#3867=CARTESIAN_POINT('',(28.452273,1.8,83.04752475));
#3868=CARTESIAN_POINT('',(27.449373,0.,84.05057475));
#3869=CARTESIAN_POINT('Origin',(27.449373,0.,83.04752475));
#3870=CARTESIAN_POINT('',(27.449373,1.8,84.05057475));
#3871=CARTESIAN_POINT('Origin',(28.452273,1.8,70.00787475));
#3872=CARTESIAN_POINT('',(28.452273,0.,59.653891125));
#3873=CARTESIAN_POINT('',(28.452273,1.8,59.653891125));
#3874=CARTESIAN_POINT('Ctrl Pts',(46.554618,0.,84.05057475));
#3875=CARTESIAN_POINT('Ctrl Pts',(47.557518,0.,84.05057475));
#3876=CARTESIAN_POINT('Ctrl Pts',(47.557518,0.,83.04752475));
#3877=CARTESIAN_POINT('Ctrl Pts',(46.554618,1.8,84.05057475));
#3878=CARTESIAN_POINT('Ctrl Pts',(47.557518,1.8,84.05057475));
#3879=CARTESIAN_POINT('Ctrl Pts',(47.557518,1.8,83.04752475));
#3880=CARTESIAN_POINT('',(46.554618,1.8,84.05057475));
#3881=CARTESIAN_POINT('',(47.557518,1.8,83.04752475));
#3882=CARTESIAN_POINT('Origin',(46.554618,1.8,83.04752475));
#3883=CARTESIAN_POINT('',(47.557518,0.,83.04752475));
#3884=CARTESIAN_POINT('',(47.557518,1.8,83.04752475));
#3885=CARTESIAN_POINT('',(46.554618,0.,84.05057475));
#3886=CARTESIAN_POINT('Origin',(46.554618,0.,83.04752475));
#3887=CARTESIAN_POINT('',(46.554618,1.8,84.05057475));
#3888=CARTESIAN_POINT('Origin',(47.557518,1.8,70.00787475));
#3889=CARTESIAN_POINT('',(47.557518,0.,59.653891125));
#3890=CARTESIAN_POINT('',(47.557518,1.8,59.653891125));
#3891=CARTESIAN_POINT('Ctrl Pts',(46.554618,0.,64.94247225));
#3892=CARTESIAN_POINT('Ctrl Pts',(47.557518,0.,64.94247225));
#3893=CARTESIAN_POINT('Ctrl Pts',(47.557518,0.,63.93942225));
#3894=CARTESIAN_POINT('Ctrl Pts',(46.554618,1.8,64.94247225));
#3895=CARTESIAN_POINT('Ctrl Pts',(47.557518,1.8,64.94247225));
#3896=CARTESIAN_POINT('Ctrl Pts',(47.557518,1.8,63.93942225));
#3897=CARTESIAN_POINT('',(46.554618,1.8,64.94247225));
#3898=CARTESIAN_POINT('',(47.557518,1.8,63.93942225));
#3899=CARTESIAN_POINT('Origin',(46.554618,1.8,63.93942225));
#3900=CARTESIAN_POINT('',(47.557518,0.,63.93942225));
#3901=CARTESIAN_POINT('',(47.557518,1.8,63.93942225));
#3902=CARTESIAN_POINT('',(46.554618,0.,64.94247225));
#3903=CARTESIAN_POINT('Origin',(46.554618,0.,63.93942225));
#3904=CARTESIAN_POINT('',(46.554618,1.8,64.94247225));
#3905=CARTESIAN_POINT('Origin',(47.557518,1.8,50.89977225));
#3906=CARTESIAN_POINT('',(47.557518,0.,50.099839875));
#3907=CARTESIAN_POINT('',(47.557518,1.8,50.099839875));
#3908=CARTESIAN_POINT('Ctrl Pts',(46.554618,0.,45.83436975));
#3909=CARTESIAN_POINT('Ctrl Pts',(47.557518,0.,45.83436975));
#3910=CARTESIAN_POINT('Ctrl Pts',(47.557518,0.,44.83131975));
#3911=CARTESIAN_POINT('Ctrl Pts',(46.554618,1.8,45.83436975));
#3912=CARTESIAN_POINT('Ctrl Pts',(47.557518,1.8,45.83436975));
#3913=CARTESIAN_POINT('Ctrl Pts',(47.557518,1.8,44.83131975));
#3914=CARTESIAN_POINT('',(46.554618,1.8,45.83436975));
#3915=CARTESIAN_POINT('',(47.557518,1.8,44.83131975));
#3916=CARTESIAN_POINT('Origin',(46.554618,1.8,44.83131975));
#3917=CARTESIAN_POINT('',(47.557518,0.,44.83131975));
#3918=CARTESIAN_POINT('',(47.557518,1.8,44.83131975));
#3919=CARTESIAN_POINT('',(46.554618,0.,45.83436975));
#3920=CARTESIAN_POINT('Origin',(46.554618,0.,44.83131975));
#3921=CARTESIAN_POINT('',(46.554618,1.8,45.83436975));
#3922=CARTESIAN_POINT('Origin',(47.557518,1.8,31.79166975));
#3923=CARTESIAN_POINT('',(47.557518,0.,40.545788625));
#3924=CARTESIAN_POINT('',(47.557518,1.8,40.545788625));
#3925=CARTESIAN_POINT('Ctrl Pts',(65.659863,0.,45.83436975));
#3926=CARTESIAN_POINT('Ctrl Pts',(66.662763,0.,45.83436975));
#3927=CARTESIAN_POINT('Ctrl Pts',(66.662763,0.,44.83131975));
#3928=CARTESIAN_POINT('Ctrl Pts',(65.659863,1.8,45.83436975));
#3929=CARTESIAN_POINT('Ctrl Pts',(66.662763,1.8,45.83436975));
#3930=CARTESIAN_POINT('Ctrl Pts',(66.662763,1.8,44.83131975));
#3931=CARTESIAN_POINT('',(65.659863,1.8,45.83436975));
#3932=CARTESIAN_POINT('',(66.662763,1.8,44.83131975));
#3933=CARTESIAN_POINT('Origin',(65.659863,1.8,44.83131975));
#3934=CARTESIAN_POINT('',(66.662763,0.,44.83131975));
#3935=CARTESIAN_POINT('',(66.662763,1.8,44.83131975));
#3936=CARTESIAN_POINT('',(65.659863,0.,45.83436975));
#3937=CARTESIAN_POINT('Origin',(65.659863,0.,44.83131975));
#3938=CARTESIAN_POINT('',(65.659863,1.8,45.83436975));
#3939=CARTESIAN_POINT('Origin',(66.662763,1.8,31.79166975));
#3940=CARTESIAN_POINT('',(66.662763,0.,40.545788625));
#3941=CARTESIAN_POINT('',(66.662763,1.8,40.545788625));
#3942=CARTESIAN_POINT('Ctrl Pts',(65.659863,0.,64.94247225));
#3943=CARTESIAN_POINT('Ctrl Pts',(66.662763,0.,64.94247225));
#3944=CARTESIAN_POINT('Ctrl Pts',(66.662763,0.,63.93942225));
#3945=CARTESIAN_POINT('Ctrl Pts',(65.659863,1.8,64.94247225));
#3946=CARTESIAN_POINT('Ctrl Pts',(66.662763,1.8,64.94247225));
#3947=CARTESIAN_POINT('Ctrl Pts',(66.662763,1.8,63.93942225));
#3948=CARTESIAN_POINT('',(65.659863,1.8,64.94247225));
#3949=CARTESIAN_POINT('',(66.662763,1.8,63.93942225));
#3950=CARTESIAN_POINT('Origin',(65.659863,1.8,63.93942225));
#3951=CARTESIAN_POINT('',(66.662763,0.,63.93942225));
#3952=CARTESIAN_POINT('',(66.662763,1.8,63.93942225));
#3953=CARTESIAN_POINT('',(65.659863,0.,64.94247225));
#3954=CARTESIAN_POINT('Origin',(65.659863,0.,63.93942225));
#3955=CARTESIAN_POINT('',(65.659863,1.8,64.94247225));
#3956=CARTESIAN_POINT('Origin',(66.662763,1.8,50.89977225));
#3957=CARTESIAN_POINT('',(66.662763,0.,50.099839875));
#3958=CARTESIAN_POINT('',(66.662763,1.8,50.099839875));
#3959=CARTESIAN_POINT('Ctrl Pts',(65.659863,0.,84.05057475));
#3960=CARTESIAN_POINT('Ctrl Pts',(66.662763,0.,84.05057475));
#3961=CARTESIAN_POINT('Ctrl Pts',(66.662763,0.,83.04752475));
#3962=CARTESIAN_POINT('Ctrl Pts',(65.659863,1.8,84.05057475));
#3963=CARTESIAN_POINT('Ctrl Pts',(66.662763,1.8,84.05057475));
#3964=CARTESIAN_POINT('Ctrl Pts',(66.662763,1.8,83.04752475));
#3965=CARTESIAN_POINT('',(65.659863,1.8,84.05057475));
#3966=CARTESIAN_POINT('',(66.662763,1.8,83.04752475));
#3967=CARTESIAN_POINT('Origin',(65.659863,1.8,83.04752475));
#3968=CARTESIAN_POINT('',(66.662763,0.,83.04752475));
#3969=CARTESIAN_POINT('',(66.662763,1.8,83.04752475));
#3970=CARTESIAN_POINT('',(65.659863,0.,84.05057475));
#3971=CARTESIAN_POINT('Origin',(65.659863,0.,83.04752475));
#3972=CARTESIAN_POINT('',(65.659863,1.8,84.05057475));
#3973=CARTESIAN_POINT('Origin',(66.662763,1.8,70.00787475));
#3974=CARTESIAN_POINT('',(66.662763,0.,59.653891125));
#3975=CARTESIAN_POINT('',(66.662763,1.8,59.653891125));
#3976=CARTESIAN_POINT('Ctrl Pts',(14.411673,0.,44.83131975));
#3977=CARTESIAN_POINT('Ctrl Pts',(14.411673,0.,45.83436975));
#3978=CARTESIAN_POINT('Ctrl Pts',(15.414573,0.,45.83436975));
#3979=CARTESIAN_POINT('Ctrl Pts',(14.411673,1.8,44.83131975));
#3980=CARTESIAN_POINT('Ctrl Pts',(14.411673,1.8,45.83436975));
#3981=CARTESIAN_POINT('Ctrl Pts',(15.414573,1.8,45.83436975));
#3982=CARTESIAN_POINT('',(15.414573,1.8,45.83436975));
#3983=CARTESIAN_POINT('Origin',(15.414573,1.8,44.83131975));
#3984=CARTESIAN_POINT('',(15.414573,0.,45.83436975));
#3985=CARTESIAN_POINT('',(15.414573,1.8,45.83436975));
#3986=CARTESIAN_POINT('Origin',(15.414573,0.,44.83131975));
#3987=CARTESIAN_POINT('Origin',(28.452273,1.8,45.83436975));
#3988=CARTESIAN_POINT('',(40.126029,0.,45.83436975));
#3989=CARTESIAN_POINT('',(40.126029,1.8,45.83436975));
#3990=CARTESIAN_POINT('Ctrl Pts',(14.411673,0.,63.93942225));
#3991=CARTESIAN_POINT('Ctrl Pts',(14.411673,0.,64.94247225));
#3992=CARTESIAN_POINT('Ctrl Pts',(15.414573,0.,64.94247225));
#3993=CARTESIAN_POINT('Ctrl Pts',(14.411673,1.8,63.93942225));
#3994=CARTESIAN_POINT('Ctrl Pts',(14.411673,1.8,64.94247225));
#3995=CARTESIAN_POINT('Ctrl Pts',(15.414573,1.8,64.94247225));
#3996=CARTESIAN_POINT('',(15.414573,1.8,64.94247225));
#3997=CARTESIAN_POINT('Origin',(15.414573,1.8,63.93942225));
#3998=CARTESIAN_POINT('',(15.414573,0.,64.94247225));
#3999=CARTESIAN_POINT('',(15.414573,1.8,64.94247225));
#4000=CARTESIAN_POINT('Origin',(15.414573,0.,63.93942225));
#4001=CARTESIAN_POINT('Origin',(28.452273,1.8,64.94247225));
#4002=CARTESIAN_POINT('',(40.126029,0.,64.94247225));
#4003=CARTESIAN_POINT('',(40.126029,1.8,64.94247225));
#4004=CARTESIAN_POINT('Ctrl Pts',(14.411673,0.,83.04752475));
#4005=CARTESIAN_POINT('Ctrl Pts',(14.411673,0.,84.05057475));
#4006=CARTESIAN_POINT('Ctrl Pts',(15.414573,0.,84.05057475));
#4007=CARTESIAN_POINT('Ctrl Pts',(14.411673,1.8,83.04752475));
#4008=CARTESIAN_POINT('Ctrl Pts',(14.411673,1.8,84.05057475));
#4009=CARTESIAN_POINT('Ctrl Pts',(15.414573,1.8,84.05057475));
#4010=CARTESIAN_POINT('',(15.414573,1.8,84.05057475));
#4011=CARTESIAN_POINT('Origin',(15.414573,1.8,83.04752475));
#4012=CARTESIAN_POINT('',(15.414573,0.,84.05057475));
#4013=CARTESIAN_POINT('',(15.414573,1.8,84.05057475));
#4014=CARTESIAN_POINT('Origin',(15.414573,0.,83.04752475));
#4015=CARTESIAN_POINT('Origin',(28.452273,1.8,84.05057475));
#4016=CARTESIAN_POINT('',(40.126029,0.,84.05057475));
#4017=CARTESIAN_POINT('',(40.126029,1.8,84.05057475));
#4018=CARTESIAN_POINT('Ctrl Pts',(33.516918,0.,44.83131975));
#4019=CARTESIAN_POINT('Ctrl Pts',(33.516918,0.,45.83436975));
#4020=CARTESIAN_POINT('Ctrl Pts',(34.519818,0.,45.83436975));
#4021=CARTESIAN_POINT('Ctrl Pts',(33.516918,1.8,44.83131975));
#4022=CARTESIAN_POINT('Ctrl Pts',(33.516918,1.8,45.83436975));
#4023=CARTESIAN_POINT('Ctrl Pts',(34.519818,1.8,45.83436975));
#4024=CARTESIAN_POINT('',(34.519818,1.8,45.83436975));
#4025=CARTESIAN_POINT('Origin',(34.519818,1.8,44.83131975));
#4026=CARTESIAN_POINT('',(34.519818,0.,45.83436975));
#4027=CARTESIAN_POINT('',(34.519818,1.8,45.83436975));
#4028=CARTESIAN_POINT('Origin',(34.519818,0.,44.83131975));
#4029=CARTESIAN_POINT('Origin',(47.557518,1.8,45.83436975));
#4030=CARTESIAN_POINT('',(49.6786515,0.,45.83436975));
#4031=CARTESIAN_POINT('',(49.6786515,1.8,45.83436975));
#4032=CARTESIAN_POINT('Ctrl Pts',(33.516918,0.,63.93942225));
#4033=CARTESIAN_POINT('Ctrl Pts',(33.516918,0.,64.94247225));
#4034=CARTESIAN_POINT('Ctrl Pts',(34.519818,0.,64.94247225));
#4035=CARTESIAN_POINT('Ctrl Pts',(33.516918,1.8,63.93942225));
#4036=CARTESIAN_POINT('Ctrl Pts',(33.516918,1.8,64.94247225));
#4037=CARTESIAN_POINT('Ctrl Pts',(34.519818,1.8,64.94247225));
#4038=CARTESIAN_POINT('',(34.519818,1.8,64.94247225));
#4039=CARTESIAN_POINT('Origin',(34.519818,1.8,63.93942225));
#4040=CARTESIAN_POINT('',(34.519818,0.,64.94247225));
#4041=CARTESIAN_POINT('',(34.519818,1.8,64.94247225));
#4042=CARTESIAN_POINT('Origin',(34.519818,0.,63.93942225));
#4043=CARTESIAN_POINT('Origin',(47.557518,1.8,64.94247225));
#4044=CARTESIAN_POINT('',(49.6786515,0.,64.94247225));
#4045=CARTESIAN_POINT('',(49.6786515,1.8,64.94247225));
#4046=CARTESIAN_POINT('Ctrl Pts',(33.516918,0.,83.04752475));
#4047=CARTESIAN_POINT('Ctrl Pts',(33.516918,0.,84.05057475));
#4048=CARTESIAN_POINT('Ctrl Pts',(34.519818,0.,84.05057475));
#4049=CARTESIAN_POINT('Ctrl Pts',(33.516918,1.8,83.04752475));
#4050=CARTESIAN_POINT('Ctrl Pts',(33.516918,1.8,84.05057475));
#4051=CARTESIAN_POINT('Ctrl Pts',(34.519818,1.8,84.05057475));
#4052=CARTESIAN_POINT('',(34.519818,1.8,84.05057475));
#4053=CARTESIAN_POINT('Origin',(34.519818,1.8,83.04752475));
#4054=CARTESIAN_POINT('',(34.519818,0.,84.05057475));
#4055=CARTESIAN_POINT('',(34.519818,1.8,84.05057475));
#4056=CARTESIAN_POINT('Origin',(34.519818,0.,83.04752475));
#4057=CARTESIAN_POINT('Origin',(47.557518,1.8,84.05057475));
#4058=CARTESIAN_POINT('',(49.6786515,0.,84.05057475));
#4059=CARTESIAN_POINT('',(49.6786515,1.8,84.05057475));
#4060=CARTESIAN_POINT('Ctrl Pts',(52.622163,0.,83.04752475));
#4061=CARTESIAN_POINT('Ctrl Pts',(52.622163,0.,84.05057475));
#4062=CARTESIAN_POINT('Ctrl Pts',(53.625063,0.,84.05057475));
#4063=CARTESIAN_POINT('Ctrl Pts',(52.622163,1.8,83.04752475));
#4064=CARTESIAN_POINT('Ctrl Pts',(52.622163,1.8,84.05057475));
#4065=CARTESIAN_POINT('Ctrl Pts',(53.625063,1.8,84.05057475));
#4066=CARTESIAN_POINT('',(53.625063,1.8,84.05057475));
#4067=CARTESIAN_POINT('Origin',(53.625063,1.8,83.04752475));
#4068=CARTESIAN_POINT('',(53.625063,0.,84.05057475));
#4069=CARTESIAN_POINT('',(53.625063,1.8,84.05057475));
#4070=CARTESIAN_POINT('Origin',(53.625063,0.,83.04752475));
#4071=CARTESIAN_POINT('Origin',(66.662763,1.8,84.05057475));
#4072=CARTESIAN_POINT('',(59.231274,0.,84.05057475));
#4073=CARTESIAN_POINT('',(59.231274,1.8,84.05057475));
#4074=CARTESIAN_POINT('Ctrl Pts',(52.622163,0.,63.93942225));
#4075=CARTESIAN_POINT('Ctrl Pts',(52.622163,0.,64.94247225));
#4076=CARTESIAN_POINT('Ctrl Pts',(53.625063,0.,64.94247225));
#4077=CARTESIAN_POINT('Ctrl Pts',(52.622163,1.8,63.93942225));
#4078=CARTESIAN_POINT('Ctrl Pts',(52.622163,1.8,64.94247225));
#4079=CARTESIAN_POINT('Ctrl Pts',(53.625063,1.8,64.94247225));
#4080=CARTESIAN_POINT('',(53.625063,1.8,64.94247225));
#4081=CARTESIAN_POINT('Origin',(53.625063,1.8,63.93942225));
#4082=CARTESIAN_POINT('',(53.625063,0.,64.94247225));
#4083=CARTESIAN_POINT('',(53.625063,1.8,64.94247225));
#4084=CARTESIAN_POINT('Origin',(53.625063,0.,63.93942225));
#4085=CARTESIAN_POINT('Origin',(66.662763,1.8,64.94247225));
#4086=CARTESIAN_POINT('',(59.231274,0.,64.94247225));
#4087=CARTESIAN_POINT('',(59.231274,1.8,64.94247225));
#4088=CARTESIAN_POINT('Ctrl Pts',(52.622163,0.,44.83131975));
#4089=CARTESIAN_POINT('Ctrl Pts',(52.622163,0.,45.83436975));
#4090=CARTESIAN_POINT('Ctrl Pts',(53.625063,0.,45.83436975));
#4091=CARTESIAN_POINT('Ctrl Pts',(52.622163,1.8,44.83131975));
#4092=CARTESIAN_POINT('Ctrl Pts',(52.622163,1.8,45.83436975));
#4093=CARTESIAN_POINT('Ctrl Pts',(53.625063,1.8,45.83436975));
#4094=CARTESIAN_POINT('',(53.625063,1.8,45.83436975));
#4095=CARTESIAN_POINT('Origin',(53.625063,1.8,44.83131975));
#4096=CARTESIAN_POINT('',(53.625063,0.,45.83436975));
#4097=CARTESIAN_POINT('',(53.625063,1.8,45.83436975));
#4098=CARTESIAN_POINT('Origin',(53.625063,0.,44.83131975));
#4099=CARTESIAN_POINT('Origin',(66.662763,1.8,45.83436975));
#4100=CARTESIAN_POINT('',(59.231274,0.,45.83436975));
#4101=CARTESIAN_POINT('',(59.231274,1.8,45.83436975));
#4102=CARTESIAN_POINT('Ctrl Pts',(103.59957,0.,5.01525));
#4103=CARTESIAN_POINT('Ctrl Pts',(103.59957,0.,-1.11014001108959E-15));
#4104=CARTESIAN_POINT('Ctrl Pts',(98.58507,0.,9.18832944899447E-36));
#4105=CARTESIAN_POINT('Ctrl Pts',(103.59957,1.8,5.01525));
#4106=CARTESIAN_POINT('Ctrl Pts',(103.59957,1.8,-1.11014001108959E-15));
#4107=CARTESIAN_POINT('Ctrl Pts',(98.58507,1.8,9.18832944899447E-36));
#4108=CARTESIAN_POINT('',(98.58507,1.8,0.));
#4109=CARTESIAN_POINT('',(103.59957,1.8,5.01525));
#4110=CARTESIAN_POINT('Origin',(98.58507,1.8,5.01525));
#4111=CARTESIAN_POINT('',(103.59957,0.,5.01525));
#4112=CARTESIAN_POINT('',(103.59957,0.,5.01525));
#4113=CARTESIAN_POINT('',(98.58507,0.,0.));
#4114=CARTESIAN_POINT('Origin',(98.58507,0.,5.01525));
#4115=CARTESIAN_POINT('',(98.58507,0.,0.));
#4116=CARTESIAN_POINT('Origin',(103.59957,0.,0.));
#4117=CARTESIAN_POINT('',(5.0145,0.,0.));
#4118=CARTESIAN_POINT('',(0.,0.,0.));
#4119=CARTESIAN_POINT('',(5.0145,1.8,0.));
#4120=CARTESIAN_POINT('',(5.0145,0.,0.));
#4121=CARTESIAN_POINT('',(0.,1.8,0.));
#4122=CARTESIAN_POINT('Origin',(51.799785,0.,49.2999075));
#4123=CARTESIAN_POINT('',(103.59957,0.,93.584565));
#4124=CARTESIAN_POINT('',(103.59957,0.,0.));
#4125=CARTESIAN_POINT('',(98.58507,0.,98.599815));
#4126=CARTESIAN_POINT('Origin',(98.58507,0.,93.584565));
#4127=CARTESIAN_POINT('',(5.0145,0.,98.599815));
#4128=CARTESIAN_POINT('',(103.59957,0.,98.599815));
#4129=CARTESIAN_POINT('',(0.,0.,93.584565));
#4130=CARTESIAN_POINT('Origin',(5.0145,0.,93.584565));
#4131=CARTESIAN_POINT('',(0.,0.,5.01525));
#4132=CARTESIAN_POINT('',(0.,0.,98.599815));
#4133=CARTESIAN_POINT('Origin',(5.0145,0.,5.01525));
#4134=CARTESIAN_POINT('',(66.9445779,0.,24.67503));
#4135=CARTESIAN_POINT('',(66.9445779,0.,12.63843));
#4136=CARTESIAN_POINT('',(66.9445779,0.,30.96916875));
#4137=CARTESIAN_POINT('',(54.9097779,0.,12.63843));
#4138=CARTESIAN_POINT('',(53.35478145,0.,12.63843));
#4139=CARTESIAN_POINT('',(54.9097779,0.,24.67503));
#4140=CARTESIAN_POINT('',(54.9097779,0.,36.98746875));
#4141=CARTESIAN_POINT('',(59.37218145,0.,24.67503));
#4142=CARTESIAN_POINT('Ctrl Pts',(5.0145,0.,9.18832944899447E-36));
#4143=CARTESIAN_POINT('Ctrl Pts',(1.39252216528607E-15,0.,1.11030603816072E-15));
#4144=CARTESIAN_POINT('Ctrl Pts',(2.82434665932474E-16,0.,5.01525));
#4145=CARTESIAN_POINT('Ctrl Pts',(5.0145,1.8,9.18832944899447E-36));
#4146=CARTESIAN_POINT('Ctrl Pts',(1.39252216528607E-15,1.8,1.11030603816072E-15));
#4147=CARTESIAN_POINT('Ctrl Pts',(2.82434665932474E-16,1.8,5.01525));
#4148=CARTESIAN_POINT('',(0.,1.8,5.01525));
#4149=CARTESIAN_POINT('Origin',(5.0145,1.8,5.01525));
#4150=CARTESIAN_POINT('',(0.,0.,5.01525));
#4151=CARTESIAN_POINT('Origin',(0.,0.,0.));
#4152=CARTESIAN_POINT('',(0.,1.8,93.584565));
#4153=CARTESIAN_POINT('',(0.,0.,93.584565));
#4154=CARTESIAN_POINT('',(0.,1.8,98.599815));
#4155=CARTESIAN_POINT('Ctrl Pts',(9.16286361021812E-15,0.,93.584565));
#4156=CARTESIAN_POINT('Ctrl Pts',(9.16286361021812E-15,0.,98.599815));
#4157=CARTESIAN_POINT('Ctrl Pts',(5.0145,0.,98.599815));
#4158=CARTESIAN_POINT('Ctrl Pts',(9.16286361021812E-15,1.8,93.584565));
#4159=CARTESIAN_POINT('Ctrl Pts',(9.16286361021812E-15,1.8,98.599815));
#4160=CARTESIAN_POINT('Ctrl Pts',(5.0145,1.8,98.599815));
#4161=CARTESIAN_POINT('',(5.0145,1.8,98.599815));
#4162=CARTESIAN_POINT('Origin',(5.0145,1.8,93.584565));
#4163=CARTESIAN_POINT('',(5.0145,0.,98.599815));
#4164=CARTESIAN_POINT('Origin',(0.,0.,98.599815));
#4165=CARTESIAN_POINT('',(98.58507,1.8,98.599815));
#4166=CARTESIAN_POINT('',(98.58507,0.,98.599815));
#4167=CARTESIAN_POINT('',(103.59957,1.8,98.599815));
#4168=CARTESIAN_POINT('Ctrl Pts',(98.58507,0.,98.599815));
#4169=CARTESIAN_POINT('Ctrl Pts',(103.59957,0.,98.599815));
#4170=CARTESIAN_POINT('Ctrl Pts',(103.59957,0.,93.584565));
#4171=CARTESIAN_POINT('Ctrl Pts',(98.58507,1.8,98.599815));
#4172=CARTESIAN_POINT('Ctrl Pts',(103.59957,1.8,98.599815));
#4173=CARTESIAN_POINT('Ctrl Pts',(103.59957,1.8,93.584565));
#4174=CARTESIAN_POINT('',(103.59957,1.8,93.584565));
#4175=CARTESIAN_POINT('Origin',(98.58507,1.8,93.584565));
#4176=CARTESIAN_POINT('',(103.59957,0.,93.584565));
#4177=CARTESIAN_POINT('Origin',(66.9445779,1.8,12.63843));
#4178=CARTESIAN_POINT('',(66.9445779,1.8,12.63843));
#4179=CARTESIAN_POINT('',(66.9445779,1.8,24.67503));
#4180=CARTESIAN_POINT('',(66.9445779,1.8,30.96916875));
#4181=CARTESIAN_POINT('',(66.9445779,1.8,12.63843));
#4182=CARTESIAN_POINT('',(66.9445779,1.8,24.67503));
#4183=CARTESIAN_POINT('Origin',(54.9097779,1.8,12.63843));
#4184=CARTESIAN_POINT('',(54.9097779,1.8,12.63843));
#4185=CARTESIAN_POINT('',(53.35478145,1.8,12.63843));
#4186=CARTESIAN_POINT('',(54.9097779,1.8,12.63843));
#4187=CARTESIAN_POINT('Origin',(54.9097779,1.8,24.67503));
#4188=CARTESIAN_POINT('',(54.9097779,1.8,24.67503));
#4189=CARTESIAN_POINT('',(54.9097779,1.8,36.98746875));
#4190=CARTESIAN_POINT('',(54.9097779,1.8,24.67503));
#4191=CARTESIAN_POINT('Origin',(66.9445779,1.8,24.67503));
#4192=CARTESIAN_POINT('',(59.37218145,1.8,24.67503));
#4193=CARTESIAN_POINT('Origin',(103.59957,0.,98.599815));
#4194=CARTESIAN_POINT('',(103.59957,1.8,0.));
#4195=CARTESIAN_POINT('Origin',(51.799785,1.8,49.2999075));
#4196=UNCERTAINTY_MEASURE_WITH_UNIT(LENGTH_MEASURE(0.01),#4200,
'DISTANCE_ACCURACY_VALUE',
'Maximum model space distance between geometric entities at asserted c
onnectivities');
#4197=UNCERTAINTY_MEASURE_WITH_UNIT(LENGTH_MEASURE(0.01),#4200,
'DISTANCE_ACCURACY_VALUE',
'Maximum model space distance between geometric entities at asserted c
onnectivities');
#4198=(
GEOMETRIC_REPRESENTATION_CONTEXT(3)
GLOBAL_UNCERTAINTY_ASSIGNED_CONTEXT((#4196))
GLOBAL_UNIT_ASSIGNED_CONTEXT((#4200,#4202,#4203))
REPRESENTATION_CONTEXT('','3D')
);
#4199=(
GEOMETRIC_REPRESENTATION_CONTEXT(3)
GLOBAL_UNCERTAINTY_ASSIGNED_CONTEXT((#4197))
GLOBAL_UNIT_ASSIGNED_CONTEXT((#4200,#4202,#4203))
REPRESENTATION_CONTEXT('','3D')
);
#4200=(
LENGTH_UNIT()
NAMED_UNIT(*)
SI_UNIT(.MILLI.,.METRE.)
);
#4201=(
LENGTH_UNIT()
NAMED_UNIT(*)
SI_UNIT($,.METRE.)
);
#4202=(
NAMED_UNIT(*)
PLANE_ANGLE_UNIT()
SI_UNIT($,.RADIAN.)
);
#4203=(
NAMED_UNIT(*)
SI_UNIT($,.STERADIAN.)
SOLID_ANGLE_UNIT()
);
#4204=SHAPE_DEFINITION_REPRESENTATION(#4205,#4206);
#4205=PRODUCT_DEFINITION_SHAPE('',$,#4208);
#4206=SHAPE_REPRESENTATION('',(#2456),#4198);
#4207=PRODUCT_DEFINITION_CONTEXT('part definition',#4212,'design');
#4208=PRODUCT_DEFINITION('2026-06-07-13-32-33-714','Top v1',#4209,#4207);
#4209=PRODUCT_DEFINITION_FORMATION('',$,#4214);
#4210=PRODUCT_RELATED_PRODUCT_CATEGORY('Top v1','Top v1',(#4214));
#4211=APPLICATION_PROTOCOL_DEFINITION('international standard',
'automotive_design',2009,#4212);
#4212=APPLICATION_CONTEXT(
'Core Data for Automotive Mechanical Design Process');
#4213=PRODUCT_CONTEXT('part definition',#4212,'mechanical');
#4214=PRODUCT('2026-06-07-13-32-33-714','Top v1',$,(#4213));
#4215=PRESENTATION_STYLE_ASSIGNMENT((#4217));
#4216=PRESENTATION_STYLE_ASSIGNMENT((#4218));
#4217=SURFACE_STYLE_USAGE(.BOTH.,#4219);
#4218=SURFACE_STYLE_USAGE(.BOTH.,#4220);
#4219=SURFACE_SIDE_STYLE('',(#4221));
#4220=SURFACE_SIDE_STYLE('',(#4222));
#4221=SURFACE_STYLE_FILL_AREA(#4223);
#4222=SURFACE_STYLE_FILL_AREA(#4224);
#4223=FILL_AREA_STYLE('Plate',(#4225));
#4224=FILL_AREA_STYLE('DarkBlue',(#4226));
#4225=FILL_AREA_STYLE_COLOUR('Plate',#4227);
#4226=FILL_AREA_STYLE_COLOUR('DarkBlue',#4228);
#4227=COLOUR_RGB('Plate',0.6,0.6,0.6);
#4228=COLOUR_RGB('DarkBlue',0.0392156862745098,0.0980392156862745,0.352941176470588);
ENDSEC;
END-ISO-10303-21;
